Spectraltype,Temperature (K),absolute-magnitude
M8V,2550,18.38414669
M6Ve,3042,15.52723222
G1V,6176,3.645735735
G8V,5409,5.12046537
G0V,6075,5.013739346
G6V,5539,5.377757887
G0V,5951,4.298062903
G0V,5765,4.623064204
K0III,5049,2.511295376
F7V,6180,3.371561607
K2V,5143,5.73349612
K6III,4394,1.709084938
G0IV-V,5984,3.958399831
K4Vk,4714,6.874842219
G5V,5684,6.336194143
K1V,4990,6.23235554
F8V,6158,3.935988317
K0V,5140,5.585619661
G5V,5676,4.685319705
G5V,5571,5.230602839
G5V,5597,4.820469683
G5IV,5701,4.250129461
G5D,5035,2.135594549
K0III,5052,2.768588006
K0 IV,4854,2.23304305
G3VI,5714,4.635463323
K5V,4711,7.141608173
G0V,5871,4.75286701
G9.3V,5386,5.323642963
F8V,6024,4.54811356
K0V,5177,6.045318718
G0V,5835,4.122151613
F8V,5942,3.870292154
G1V,5768,4.407924132
G5V,5793,4.752151613
F8V,6107,3.439868783
F9V,6351,4.314407114
G1V,5911,4.37811356
F8V,6039,4.307757887
G0V,6153,3.995835473
G5IV,5641,3.730602839
G0V,6058,3.967698642
G8.5III,4975,0.564911591
G5IV,5522,3.840213277
G8V,5437,5.353739346
F9.9V,6001,3.765710623
G6V,5742,4.722607908
K2III,4553,0.469412487
K1V,5350,6.016791943
K2V,4871,6.104717422
G0V,5829,4.375319705
kA5hA8mF4,7560,3.005425414
G5IV,5533,3.82811356
F6V,6424,4.04787396
G1V,5936,3.725735735
G0IV,5996,3.464823144
G5III,5578,0.82709745
G0V,5997,4.22619203
K0III,4414,1.086241888
K0III,4651,2.552115855
M0V,3961,7.911825848
G0V,6079,3.801301743
G9V,5413,4.807397407
G9IV,5048,2.310020818
G8V,5408,5.160451978
K3V,4629,4.627708455
G5V,5485,4.874385924
F8V,5984,3.280973566
G5V,5501,5.827755378
G0V,5929,4.279535902
G8V,5401,5.344801034
G9.5V,5233,5.703642963
G2V,5636,4.624842219
K3/K4IV,4795,6.822247429
G8V,5288,5.085225339
G9IV,5247,5.380602839
G2.5V,5978,4.686877651
K2V,5116,6.19118567
K3V,5026,6.135650131
G2V,5754,3.607852807
G0V,5848,4.480517271
K2V,5087,5.739567444
F8V,5888,3.732912925
G0V,5853,4.177914225
G0V,5572,5.256758151
F8V,6159,4.08286701
G1V,5830,4.325233384
G5IV-V,5589,4.284501997
K2IVa,4749,3.152872107
G3IV,5712,4.965823588
K2V,4966,6.210451978
F5V,6429,3.697757887
G5V,5724,4.025032153
G5V,4758,5.76867892
G5V,5482,4.677736733
K0III,4901,0.270545491
K0III,5076,1.763909973
K5V,4612,6.08454027
M8.5V,2599,10.79707518
G8V,5607,4.79948993
M3V,3895,10.14152589
F8V,5861,3.664639909
K0III-IV,4982,2.709828517
M4V,3372,11.51683221
F8V,5960,3.622912925
G0V,5867,4.545279439
B8Iae,12000,-8.22663584
F7IV-V,6255,4.07267358
K0III-IV,5052,2.627923056
G3V,5995,3.181440288
K1III,4583,1.035169413
G0IV-V,5836,3.977914225
F6V,6251,3.494587601
G5IV,5699,5.191273523
B0.5Ia+,22500,-7.87663584
F9.5V,5945,3.7825821
G4V,5606,5.040168739
G1IV,5888,4.346375913
K0V,5230,5.480451978
K0V,5104,6.025735735
G4IV,5697,2.971082317
A6V,8052,2.430429418
K0IV,5222,3.47067361
F7V,6228,4.207260736
G4V,5641,5.042282143
K2.5V,4977,6.620885713
K1V,5035,5.59787396
F8V,5929,4.140013388
G9V,5287,5.19304305
G8IV,5555,3.631992766
G0IV-V,6199,3.505625708
G5IV/V,5634,4.202912925
G1.5V,5803,4.680840421
G8V,5434,5.490213277
F9V,6090,3.329813658
G5V,5754,4.440146543
K0V,5312,5.451042052
G0V,6346,4.592033283
K0III-IV,4978,2.146775225
G2V,5878,4.211951884
G9V,5439,5.292835486
K1IV,5199,5.122607908
F8IV,6224,2.26022774
G6V,5675,4.804183613
K1III,4792,2.506232295
K1III,4379,-0.1939981
G5IV/V,5686,3.409111149
G2V,5676,5.211770536
G3V,5723,4.740334813
G1V,5799,5.17011765
G0V,5946,4.454484308
G5V,5482,4.875319705
G1IV,5902,3.90667587
F9V,6035,5.3982061
F8V,5902,4.471001787
K0IV,5233,5.452607908
K0V,5275,5.889867401
F9V,6102,3.559245324
G0V,6025,4.001492897
F8V,6373,4.393656373
F0V,6193,3.454413623
F7V,6344,3.93625124
F5V,5696,3.312572476
K7V,4595,7.127002879
K2III,4987,0.518696752
F7V,6402,3.779878668
F6IV-V,6095,2.431741703
G9IV-V,5387,0.028300884
K3Vk,4731,6.671739948
K0IIIb,4666,1.05973758
G8V,5510,4.972252623
G9V,5223,5.500013388
K0V,5336,5.388423472
G5V,5533,5.224842219
G5IV,5752,4.31286701
DQ D,14641,12.27042942
F9V,6096,3.816910968
F7IV,6247,3.080052603
G0V,5767,4.525032153
K0V,5385,5.453212881
G5V,5533,4.928193028
G4IV,5722,4.093326288
G1.5V,5737,5.401200823
G0V,5821,3.986194143
K0V,5317,5.217265833
G8V,5321,5.197606608
G6V,5470,3.987762946
G5IV,4952,3.699112531
G4IV,5638,3.774085967
K1III,4415,1.315932338
M3.5V,3192,12.05228214
G0IV,6039,3.566035691
F6V,6408,3.88457676
G0V,6011,4.038514139
G8V,5217,5.506832208
G0IV,6021,3.643647399
G6V,5458,4.214801034
K5V,4601,6.095018761
G3V,5736,4.71667587
G1V,5826,4.453543253
G5V,5370,2.683739346
G2V,5623,5.110013388
K0III-IV,4753,0.741342008
G0V,5874,4.335919618
K0III,5112,2.288515625
K0V,5462,5.171608173
K1.5V,4877,5.990602839
K5V,4715,7.455619661
G8V,5456,5.286021882
F8V,6028,3.84333022
G2V,5845,4.645823588
F7V,6214,3.235892073
K3V,4746,6.712058164
K0V,4976,6.272872107
G5IV,5494,3.512723982
K2II,4127,3.753883657
G0V,5834,4.450602839
K7V,4404,8.003647399
K1IIIb,4391,-0.882584597
F7V,6166,2.754183613
G5V,5302,5.186458195
G5III,5098,1.991529559
G5V,5671,5.200517864
K5V,4733,7.409829792
F4V,6578,3.625644483
F8V,6280,3.801496371
G5V,5559,4.354842219
K3V,4826,6.101925203
G2V,5779,4.357736733
K1V,6279,5.210099504
G6V,4205,4.901543853
K2V,4936,6.05761846
G4V,5400,5.874849697
M2.5V,3638,10.45256538
K0D,5002,2.231852901
G0V,5892,4.353343007
G5V,5668,4.89180913
K0III,5148,2.37809602
G5D,5771,3.388199987
K2III,4152,-0.994778485
G0V,5965,4.445735735
F3V,6933,2.965173718
G0V,5984,3.886062744
K1V,5170,6.132886711
DA+M5V,16487,9.449079607
F9V,6233,3.49184381
K0V,5272,5.336194143
G3V,5588,4.434359512
K2V,4875,6.282872107
K0III,4932,2.260885713
G9III,4861,1.002267687
M1.5V,3553,10.04514218
K0V,5582,4.939557092
M4V,3189,11.66561966
M2.5V,3318,10.65456247
K1V,5106,5.888514139
K5V,4641,6.880037536
G6V,5432,4.484183613
G8V,5291,5.693273494
K2III,4908,1.772566826
G2V,5652,5.071525891
K0III,5054,2.342646085
G3IV,5607,5.786901649
K2V,4799,6.302886711
G9III,6397,0.861835854
F8V,6311,3.910361608
M8V,2446,15.28215161
G9V,5333,5.579352019
G5IV,5624,5.233642963
G5IV,5797,4.483549809
F9V,6067,4.100023739
K0III,4956,2.171852901
G5V,5407,4.758981328
G0V,5844,4.674939865
G5V,5583,4.756630557
K1Vp,4944,4.41304305
K2III,4445,-0.114604487
sdB+MV,16550,2.471110345
G8V,5407,5.265776
pulsar,28856,16.92100179
M2Ve,3683,9.428214182
G4V,5762,5.735318718
K9V,4685,8.087115447
K3V,4351,6.511492897
F9V,5934,4.365279439
K0V,5105,6.006758151
G3V,5662,3.897722128
G5V,5531,5.071342008
K1III-IV,4951,2.5860019
G4V,5432,3.712872107
G8IV/V,5432,4.680013388
G2V,5861,4.280023739
K0V,5200,3.332642951
sdB,33247,-1.284855792
K0V,5185,6.113343007
F7V,6309,3.529281285
K4V,4645,6.724587601
G7V,5878,4.248555245
G2V,5834,4.280545491
K4V,4652,7.069867401
K1V,5016,5.767258503
K3III,4260,-0.165190436
K1V,5079,6.129699719
G3V,5547,4.388323355
G3V,5897,4.657265833
K4Vk,4520,6.801925203
G2V,5831,4.473152186
K0IV,5585,4.393390435
G4V,5633,4.950023739
G8V,5398,5.275923286
K7Vk,4283,8.504678539
K0V,4965,6.415163366
K1V,5260,5.699699719
G8V,5233,4.725063298
K0V,5260,5.552946041
G2V,5791,5.066224192
K0III-IV,4927,2.751659922
G8V,5226,5.663023938
G0V,5885,4.295170797
G0V,5985,4.552483925
T9.5,531,17.94288671
F9V,6074,3.786509581
G0V,5944,4.378996709
G5V,5559,4.370037536
G6IV,5520,4.744639909
G8V,5266,5.13119294
K4III,4344,-0.412283195
G5III,5071,2.921382273
M3V,3484,11.62198219
F9V,5857,3.571984812
G4V,5610,4.810925978
K2III,4445,0.855525296
K1V,5103,5.188016988
K9V,4110,8.434939865
K4III,4703,0.619828517
K0.4V,5240,5.741082317
G5IV,6295,5.549557092
K1IVa,4921,2.408956192
G3V,5821,4.71118567
WD+M,18858,8.226053286
K0III,4878,2.433791084
G1V,5834,4.661042052
F6V,6549,3.347299083
G0V,5821,5.115063298
G1V,5824,4.729761019
K7V,4062,7.167422172
K4V,4757,1.067923056
K0V,5382,5.011042052
K0V,5311,5.457757887
G3V,6046,4.42286701
M3V,3191,10.54664288
F8IV,6152,4.133801844
F8IV,6289,3.418588006
G9V,5441,5.206491987
pulsar+DB,29418,11.31131717
G5V,5701,4.830885713
G1V,5810,4.150585756
K0IV,5052,3.03934562
G0IV,6147,3.660633345
G0IV,5732,3.940375318
G0V,5801,4.875776
G6V,5499,4.594287645
K0III,5155,2.198355292
G3IV,5749,3.763349918
M1V,3703,9.52973758
G8V,5468,5.38048299
K0IV,5205,5.329992197
F8V,6076,3.899557092
K8V,4120,9.063608805
K2V,4804,6.653133017
G0V,5760,4.045319705
G3IV,5714,4.165719889
G5V,5445,3.216400734
K0V,5453,5.269397358
M4.5V,3026,14.12088571
K2V,4917,6.47168223
M1.5V,3950,10.97849298
pulsar,32451,12.10629399
G1Vw,5794,2.97286701
F5V,6602,3.416758151
G8.5V,5348,5.341965468
K3III,4897,2.562548664
M2.5V,3614,11.07582359
M0V,3857,8.495163366
G5V,5395,3.401965329
G3IV-V,5704,4.179281285
M1V,4026,10.14391721
M1V,3891,7.438718528
G6V,5632,5.086867924
G4V,5722,4.695982616
M1V,3998,9.008423472
F9V,6186,3.386534537
G5IV,5543,3.965892073
M5V,2986,14.08597368
M5V,3241,13.91003095
M1.5V,3787,2.038117001
K7V,4233,8.936671212
G9V,5820,5.523029256
F8V,6234,3.754562171
K5V,5947,8.342946409
G5V,5922,4.642151613
K0V,5385,5.290469683
K2V,4850,6.971608173
K2V,4155,6.926218994
K8V,4015,8.636349486
F9V,6065,3.912342995
K8V,4188,5.815024378
M8V,2486,17.48785281
M3V,3510,11.15386368
K1III,5018,2.442912925
G9IV,5960,4.304254603
G5IV,5546,4.055333012
G5IV,5495,4.802058164
K1.5III,4196,-0.094420604
K3IV,4733,5.191944891
F9V,6266,3.099397358
G5IV,5810,4.22836286
G0IV,5663,3.535395513
G5V,5601,4.300977242
F7V,6426,3.752449061
K0V,5467,5.152912925
G0V,5877,4.564718681
F6V,6441,4.200817821
G3V,5624,5.401023163
G8III,4683,0.337075182
F5V,6092,3.609059951
F9V,6213,3.290684427
K9V,4240,8.092586755
G8IV,5060,2.506891681
G,5417,5.614939865
K1V,5021,6.956151765
G4V,5619,4.517268694
G6V,5497,5.159988276
G5V,5587,4.998770299
K5V,4478,5.552408493
G5IV/V,5674,5.035018761
G0IV,6041,2.913858545
G6V,5498,4.266798591
G2V,5722,4.277312485
G0V,5857,4.18486236
G5V,5627,4.770736645
K0V,5177,5.395027664
K0IV,4948,3.31934562
F8.5IV-V,6192,1.512410715
G0V,5853,4.714732197
G5V,5372,4.832058164
F6IV,6131,2.987893072
G8V,5466,5.193090478
F8IV,6395,2.163418984
G5IV,5724,3.875063298
G1V,5933,3.854476862
F8V,6260,4.045919618
K5V,4438,7.1459904
G0IV,5904,3.796972689
G5V,5518,5.995706345
K0III/IV,5030,2.565619661
K0III,5014,2.329596155
G2V,5823,4.634476565
G5V,5541,5.397208142
G1V,5781,4.044823144
K1V,5073,7.523662455
F8V,5986,3.810554608
K5V,4962,6.249535902
K1V,5079,6.891285408
K0V,5204,5.297053595
G2IV,5888,4.150769639
K4V,4590,4.522897569
M6V,3068,13.18527944
G7V,5399,3.415898124
F8IV,6351,2.948238383
G0V,5958,4.11548582
M0V,3821,9.265984445
F8V,6208,3.624195642
F7V,6340,4.833138747
G3IV,5760,3.245452652
G0IV,5978,3.172912925
G5V,5606,4.429283533
G5V,5664,5.186072914
G0IV,5947,3.504967671
G3V,5766,4.572886711
K0V,5219,5.748651865
G6V,5595,5.006067891
B4VI,27733,4.51039261
G0V,5913,4.371476179
G5V,5714,4.417633903
F5IV,6510,2.57482107
G4V,5647,4.388406754
G4V,5681,4.753068194
G0V,6011,3.995319705
K4V,4776,6.779397358
M1V,3910,5.672402138
G5IV,5520,4.439567444
G8V,5383,4.914083613
G5V,5593,4.736110666
G2V,5756,4.183263153
G5V,5633,4.760801342
G9IIIb,4750,0.96304305
F8V,6297,3.358014663
G2IV,5757,3.23737029
K1V,4954,6.250429418
G6IV,5588,4.697115447
G2V,5756,4.819992197
G5V,5628,3.987924132
F8V,5988,2.413626245
F7V,6442,3.105735735
K3V,4861,6.250983696
K2V,4965,6.360429418
K1V,5144,5.975142175
G8IV,5220,2.365063298
K0V,5171,5.940642104
G5V,5905,3.965998883
G3IV-V,5842,3.975279439
K1V,5246,1.876366794
G3V,5874,4.096194143
F7V,6142,4.27118567
F8IV,5915,3.779999675
G8V,5501,4.922793557
F5V,6386,3.787075182
G6III,4975,1.132456629
K3V,4979,7.14766722
K0III,5164,2.31560785
K2V,5008,6.23384673
G6V,5621,4.835135821
G6V,5750,4.795823588
K5V,4675,7.696050845
G5V,5767,4.605473674
K2V,5056,6.294718804
M1.5V,3759,10.19300278
F7V,6176,3.404418848
K0V,5246,5.758022085
K0III,4874,1.913546774
F5V,6475,3.653951624
G2V,5929,4.16667587
K2V,4818,5.873629672
G0V,5942,4.169557092
sdB,29317,3.834227603
G9V,5372,5.356502995
F5V,6315,3.488463601
G0V,5532,4.971641965
M3.5V,3451,10.60152589
K1IV,5010,2.24286701
G5IV,5612,4.119000729
G8IV,5121,2.00991332
F8V,5998,4.07286701
G4IV,5984,3.74787396
K0V,5140,6.471641965
G0.5V,5885,3.730023739
K3V,4852,5.775690443
F6.4V,6199,3.338786137
M4V,3348,11.81367501
G0IV,5767,3.470602839
G2.5IV,5636,3.929535902
K1V,5248,5.344842219
G2V,5793,4.519281285
A3V,8590,1.726169722
G0V,5975,4.686641155
G8IV,5646,4.682565382
F8V,5966,4.09286701
A5V,7429,2.974183613
K3V,4820,6.354717422
G3V,5779,4.741825848
K3III,4290,2.559867401
K2III,4361,-5.44511483
K0III,5248,0.89667587
G0IV,5891,3.74257215
G3V,5728,4.530292154
F9V,5940,3.556591725
G8III,4813,0.729033635
F7V,6304,4.120769639
K2V,5493,5.520037536
F8V,6115,4.369999675
F7V,6571,4.045908681
K2IV,4792,2.483343007
G5V,5662,4.599437623
K4V,4779,6.797353423
G4V,5714,4.893273494
K2V,5623,6.450146543
G2IV,6037,3.264607003
,4095,-2.509848211
,3926,-1.717190183
,4069,-1.636475123
,3943,-1.451398788
,4296,-1.34544509
,4092.1,-1.254202451
,3787,-1.175459699
,4035,-1.087965154
,4175,-0.959209548
,4330,-0.948431392
,4126,-0.863039024
,4388,-0.838463209
,4055,-0.701341833
,4414,-0.612238078
,5242,-0.548776873
,4213,-0.481021862
,4534,-0.46015698
,4052,-0.361307254
,4374,-0.260676239
,4181,-0.215109628
,4424,-0.198642665
,4445,-0.111212547
,4742,-0.111036794
,4406,-0.074869691
,4200,0.028136338
,4545,0.028856152
,4312,0.047245023
,4901,0.078850821
,4200,0.083413753
,4928,0.153552262
,4928,0.153552262
,4769,0.179958243
,4284,0.186294881
,4323,0.212352091
,5544,0.267345216
,5544,0.267345216
,5544,0.267345216
,4415,0.276201083
,4683,0.442972686
,4815,0.463739739
,4553,0.472168432
,4658,0.512623213
,4970,0.525859352
,4822,0.529734377
,4822,0.529734377
,4945,0.542572509
,4218,0.544309581
,4785,0.617028069
,10900,0.642545774
,4893,0.662996309
,4844,0.706171399
,4700,0.709202701
,4791,0.711825877
,4753,0.722528658
,4846,0.750688732
,4891,0.75501493
,4877,0.781405181
,4530,0.786759683
,4770,0.800085943
,4806,0.808791121
,4806,0.808791121
,4847,0.821649102
,4892,0.827447595
,4813,0.834678273
,4749,0.863160854
,4649,0.866295197
,4796,0.870542508
,4830,0.878038632
,4830,0.889289899
,4769,0.901181369
,4326,0.924399599
,4780,0.955615424
,4790,0.969597737
,4673,0.970068805
,4580,0.979433422
,4835,0.981224114
,4665,1.028792071
,4869,1.054774772
,4946,1.067397306
,5000,1.081507269
,4979,1.09110173
,4943,1.125598125
,4884,1.132214106
,4780,1.157368913
,4924,1.162185003
,10170,1.171140499
,4985,1.182308047
,10500,1.216655018
,4538.2,1.311914631
,4805,1.319566477
,4639,1.329197083
,4745,1.343537986
,4745,1.343537986
,4300,1.3545098
,5130,1.449274618
,4802,1.466469272
,4698,1.483490166
,4866,1.594550065
,4866,1.594550065
,4878,1.615747612
,,1.697506278
,,1.727546374
,4940,1.744138455
,4670,1.7453258
,8840,1.747574046
,10500,1.770141329
,4862,1.810313436
,4862,1.810313436
,5040,1.8412665
,5040,1.8412665
,8720,1.854017969
,7650,1.867759516
,7554,1.894140499
,6216,1.90013621
,4947,1.943946294
,4972,1.975742872
,7930,1.992622062
,6161,2.063148273
,4890,2.073596765
,4890,2.073596765
,8480,2.125941946
,5098,2.148013275
,5098,2.148013275
,4943,2.14925207
,5041,2.153035945
,4877,2.165012004
,4938,2.168476035
,4982,2.171133516
,4982,2.171133516
,6395,2.171869622
,4912,2.174062507
,4846,2.191544348
,4959,2.193325199
,4959,2.193325199
,5020,2.203251961
,6620,2.218470674
,6620,2.218470674
,4918,2.229118302
,4918,2.229118302
,6481,2.231930738
,5131,2.237065647
,4946,2.242433743
,4850,2.243131862
,4953,2.25210848
,4951,2.256800805
,4861,2.266544169
,4861,2.266544169
,5027,2.272407198
,4934,2.304574991
,4895,2.312071125
,7070,2.316480127
,4945,2.330831729
,5770,2.345598431
,5003,2.363430921
,4871,2.368500803
,,2.3721645
,5603,2.418692786
,4985,2.422512638
,6245,2.424397394
,6245,2.424397394
,6096,2.426597209
,6403,2.430265193
,4550,2.430813876
,6510,2.431181179
,4792,2.434481749
,4960,2.438933056
,5013,2.448947359
,4860,2.456149944
,4943,2.456907704
,5671,2.465777532
,5020,2.469764532
,7500,2.479220646
,4842,2.491921689
,7067,2.496658593
,6041,2.507826943
,7005,2.531495335
,4978,2.531763559
,4978,2.531763559
,6406,2.543250108
,,2.551906678
,4297,2.555446771
,7010,2.556901118
,6217,2.559441446
,4819,2.578502617
,4819,2.578502617
,6152,2.591760907
,6152,2.591760907
,6460,2.598801831
,7099,2.606894906
,7044,2.613624421
,5025,2.623469791
,4798,2.634362574
,4840,2.635269021
,4840,2.635269021
,4840,2.635269021
,6670,2.653198055
,7454,2.674903526
,4961,2.676329573
,,2.676426209
,6010,2.67860357
,4922,2.684976922
,7308,2.703802658
,5509,2.712975128
,6516,2.725867853
,4860,2.748640792
,6554,2.750857717
,4972,2.762844207
,4989,2.762943538
,4925,2.764142792
,6291,2.764676965
,4871,2.765475743
,4871,2.765475743
,4995,2.767403737
,4995,2.767403737
,6430,2.772034291
,4915,2.772318133
,4915,2.772318133
,6820,2.786720642
,4820,2.790567354
,6450,2.797592815
,6317,2.804892728
,6279,2.808487496
,5541,2.813170717
,5541,2.813170717
,6179,2.828913537
,6807,2.83190385
,6392,2.838590912
,5028,2.847904085
,4806,2.850567623
,5972,2.855501636
,5972,2.855501636
,6228,2.858417575
,5047,2.870867565
,6050,2.870904525
,4940,2.87229186
,4940,2.87229186
,,2.888263348
,5900,2.895150097
,5988,2.896839417
,6339,2.905853286
,4717,2.914002846
,5800,2.917087409
,6291,2.923455436
,6805,2.926399857
,4840,2.933606053
,6389,2.937250108
,6761,2.941924679
,6065,2.942095289
,6065,2.942095289
,6769,2.970920438
,,2.975518891
,,2.975518891
,,2.975518891
,,2.975518891
,6030,2.977169987
,6761,2.977758982
,6305,2.984607783
,6680,2.986533207
,6768,2.987051449
,6255,2.99989118
,6255,2.99989118
,6017,3.020786051
,6846,3.021475743
,6299,3.023751926
,6299,3.023751926
,5933,3.024249473
,6725,3.056793038
,6330,3.057786857
,6327,3.068258738
,5375,3.083869622
,5923,3.087062112
,6112,3.087084706
,5933,3.096963565
,6826,3.099884203
,6360,3.103791967
,6733,3.108647314
,6090,3.108860517
,6030,3.110299957
,6442,3.112334383
,6410,3.118055494
,6101,3.119205216
,6022,3.125120934
,6022,3.125120934
,5887,3.128188383
,6210,3.128311213
,6203,3.129596794
,4846,3.130119043
,6200,3.132174486
,6158,3.137983142
,6158,3.137983142
,6620,3.142396777
,6438,3.14460357
,6675,3.15487129
,6171,3.155213977
,6171,3.155213977
,6171,3.155213977
,6002,3.157601329
,6626,3.160218323
,6424,3.165550065
,6071,3.166963565
,6778,3.174618379
,6478,3.177678689
,6380,3.179713131
,4901,3.184437335
,4901,3.184437335
,6045,3.190738789
,6747,3.198289191
,6600,3.198943791
,6080,3.199811371
,6820,3.205952004
,6504,3.212596947
,6576.6,3.21325777
,6666,3.217396396
,5864,3.219056595
,6363,3.221867715
,6363,3.221867715
,6363,3.221867715
,5589,3.222080557
,5589,3.222080557
,6250,3.222605415
,6166,3.237999141
,4259,3.244850022
,4259,3.244850022
,6210,3.246372287
,6613,3.248018542
,6446,3.249445175
,6561,3.252574046
,4972,3.259881223
,5521,3.272346541
,5935,3.276376045
,5944,3.280048077
,6280,3.280218056
,6213,3.280741795
,6459,3.283181179
,6704,3.285396777
,6541,3.29391339
,6188,3.295230441
,6570,3.295745521
,6257,3.29667261
,6100,3.298186553
,6430,3.302417575
,6430,3.302417575
,6572,3.30510253
,6130,3.306893168
,6380,3.312355194
,5641,3.313589765
,6106,3.316286683
,6147,3.320354996
,5883,3.328085149
,5883,3.328085149
,5883,3.328085149
,5791,3.338140176
,6397,3.339661898
,5854,3.340362358
,5854,3.340362358
,5923,3.347258321
,5923,3.347258321
,5923,3.347258321
,5923,3.347258321
,6570,3.356797463
,6258,3.359400732
,6489,3.360757761
,6093,3.36231049
,6161,3.366385699
,6206,3.368903526
,5894,3.370143618
,4881,3.372211087
,6720,3.3757086
,6430,3.38432486
,6090,3.385135522
,6090,3.385135522
,6225,3.388299098
,6225,3.388299098
,5981,3.392691879
,5650,3.392710647
,6350,3.393350825
,6050,3.402417575
,6390,3.404207787
,5920,3.405550059
,4991,3.411613649
,4991,3.411613649
,6681,3.413431288
,6496,3.416754534
,6472,3.41680395
,6130,3.420520602
,6600,3.421230695
,6453,3.425291336
,6435,3.426745521
,6435,3.426745521
,5733,3.429915468
,5999,3.436772378
,6060,3.438309967
,6564,3.438766436
,6566,3.447691977
,5207,3.448626977
,6231,3.45372164
,6112,3.459173152
,6449,3.461235098
,,3.462856111
,,3.462856111
,,3.462856111
,6237,3.467258321
,6250,3.472007848
,,3.476365663
,,3.481592815
,,3.481592815
,,3.481592815
,6059,3.482396991
,6012,3.485355088
,6200,3.49136082
,6150,3.497319813
,6150,3.497319813
,5534,3.50138769
,5534,3.50138769
,6007,3.50182923
,5911,3.50551071
,5911,3.50551071
,6300,3.510169858
,5835,3.521020021
,6400,3.526041211
,6511,3.527847318
,6150,3.53351071
,6557,3.535269973
,6346,3.536535497
,6367,3.538238848
,5671,3.538787453
,6394,3.545203483
,6406,3.547662561
,6436,3.549601329
,6075,3.554355194
,6075,3.554355194
,6457,3.554753872
,6172,3.559791891
,5856,3.560632359
,6144,3.56205535
,6431,3.562802026
,6068,3.56283741
,6068,3.56283741
,5963,3.563133349
,6383,3.574657344
,6230,3.578869735
,5807,3.582312712
,5807,3.582312712
,6177,3.583559767
,6177,3.583559767
,5572,3.585153558
,6550,3.589700043
,5701,3.589816969
,6480,3.594850022
,6429,3.597253759
,6297,3.602618317
,6250,3.604250108
,6097,3.60621874
,5550,3.607430301
,6245,3.607664895
,6245,3.607664895
,6518,3.609493543
,6000,3.610741795
,5750,3.611680409
,6388,3.616376045
,5900,3.620625722
,6304,3.620899988
,6417,3.625751492
,6340,3.625903526
,6340,3.625903526
,6340,3.625903526
,6330,3.626306311
,6330,3.626306311
,5933,3.627434094
,6236,3.630586713
,5860,3.63335176
,5939,3.639827986
,6335,3.641481136
,5940,3.6420196
,5877,3.647659515
,5877,3.647659515
,6377,3.650781371
,4867,3.655216315
,4867,3.655216315
,6424,3.658768848
,5960,3.663274618
,6040,3.663983282
,5392,3.670601083
,6090,3.671387399
,6090,3.671387399
,6090,3.671387399
,6409,3.676287767
,5773,3.681821133
,6239,3.681940101
,6239,3.681940101
,6239,3.681940101
,5600,3.683650782
,5600,3.683650782
,6102,3.686235128
,6102,3.686235128
,4917,3.687574906
,5882,3.690151789
,6228,3.691511017
,6228,3.691511017
,6228,3.691511017
,6228,3.691511017
,6594,3.692442561
,5908,3.6944313
,6211,3.698535055
,6211,3.698535055
,6211,3.698535055
,6600,3.701082017
,5600,3.703912
,6061,3.703991888
,5495,3.704522071
,6175,3.708913498
,6175,3.708913498
,6175,3.708913498
,6175,3.708913498
,6331,3.709976651
,5250,3.710651622
,6407,3.718
,4908,3.718923126
,6176,3.723664542
,6174,3.725099763
,5620,3.72638769
,6254,3.72786947
,5646,3.729167948
,6475,3.729400087
,6210,3.730299957
,6302,3.730355194
,6300,3.730733837
,5960,3.734469528
,5960,3.734469528
,6106,3.735455704
,,3.736699185
,6189,3.737614984
,6189,3.737614984
,6256,3.739277115
,6110,3.73951071
,6322,3.741324791
,6210,3.742829005
,6450,3.743233482
,6179,3.745075048
,6142,3.745414237
,6142,3.745414237
,6106,3.746126473
,6106,3.746126473
,6106,3.746126473
,6075,3.746249148
,5635,3.746685278
,6060,3.746745486
,6277,3.749966862
,6277,3.749966862
,5946,3.750034181
,5946,3.750034181
,5979,3.754321875
,,3.754976675
,5904,3.755524178
,5904,3.755524178
,5904,3.755524178
,5904,3.755524178
,5904,3.755524178
,5576,3.760009625
,6282,3.760568213
,6282,3.760568213
,6173,3.766324791
,5912,3.768410312
,6356,3.77226444
,5920,3.777932039
,5920,3.777932039
,5920,3.777932039
,6101,3.778489139
,6400,3.779359822
,6032,3.787137016
,6032,3.787137016
,6140,3.787886596
,6270,3.788524133
,6270,3.788524133
,6270,3.788524133
,6169,3.788620652
,5835,3.789670581
,5349,3.790243294
,5349,3.790243294
,6199,3.791010283
,6199,3.791010283
,6199,3.791010283
,6199,3.791010283
,6199,3.791010283
,5981,3.791375122
,6108,3.792051883
,6108,3.792051883
,5362,3.792342215
,6175,3.793975091
,6296,3.796211956
,6040,3.796693683
,6251,3.79680395
,6386,3.797289226
,6370,3.802383062
,6202,3.802784418
,6073,3.81235527
,6071,3.81319025
,6096,3.81823109
,6570,3.819624722
,6570,3.819624722
,6310,3.819809494
,6004,3.820860625
,6004,3.820860625
,6004,3.820860625
,6266,3.821463671
,6170,3.823637474
,5772,3.824300893
,6090,3.824815307
,6090,3.824815307
,5794,3.825243341
,6337,3.825645386
,6373,3.82952407
,6300,3.830724024
,5825,3.833217753
,5825,3.833217753
,5825,3.833217753
,6431,3.837292976
,6187,3.837414609
,29300,3.839359822
,5522,3.840011614
,5522,3.840011614
,5763,3.844169578
,6069,3.845426121
,6267,3.846857717
,5770,3.849130452
,5770,3.849130452
,4815,3.850724024
,6099,3.851594852
,6099,3.851594852
,6099,3.851594852
,6319,3.854053505
,5909,3.854916059
,,3.855739942
,6170,3.855952004
,5845,3.858291307
,5845,3.858291307
,6129,3.861463671
,,3.864751308
,6067,3.86712908
,6067,3.86712908
,6003,3.869535055
,6185,3.870862127
,6194,3.871994881
,6194,3.871994881
,5979,3.874895848
,5720,3.875591817
,6327,3.881124047
,6327,3.881124047
,6182,3.881790122
,6182,3.881790122
,6182,3.881790122
,6182,3.881790122
,5793,3.882219853
,5786,3.884544318
,5786,3.884544318
,5786,3.884544318
,6064,3.884888653
,6747,3.885368676
,6256,3.889895729
,6350,3.890793813
,6261,3.891833304
,6289,3.894531952
,6273,3.897130344
,6308,3.901260733
,5599,3.90133608
,6075,3.9020999
,6299,3.904476064
,5932,3.905184405
,6260,3.90578076
,6170,3.908493082
,5910,3.911564238
,6025,3.912583195
,6136,3.913670023
,5577,3.913789486
,6100,3.914850022
,6065,3.91498369
,5743,3.916462384
,5887,3.91663056
,6302,3.917415495
,6302,3.917415495
,5995,3.918351934
,5995,3.918351934
,6302,3.918487496
,5780,3.919641403
,5828,3.922550065
,5828,3.922550065
,5828,3.922550065
,6296,3.923950152
,5491,3.924688998
,5491,3.924688998
,6174,3.924884596
,6174,3.924884596
,6174,3.924884596
,6174,3.924884596
,6324,3.926178669
,6113,3.930080716
,6186,3.936251595
,6186,3.936251595
,6186,3.936251595
,6221,3.936395235
,5884,3.936430301
,5884,3.936430301
,5884,3.936430301
,5851,3.940650195
,5851,3.940650195
,5851,3.940650195
,5851,3.940650195
,5757,3.940818294
,6030,3.942547285
,6030,3.942547285
,5736,3.947053358
,5952,3.949764809
,5952,3.949764809
,6241,3.950546374
,6055,3.951067822
,5800,3.953920713
,5537,3.954053795
,6158,3.956660689
,6124,3.960396039
,6133,3.964495709
,6133,3.964495709
,6150,3.966080716
,6229,3.967935171
,5754,3.968439985
,6117,3.968777808
,6117,3.968777808
,6117,3.968777808
,5653,3.969931133
,5653,3.969931133
,6212,3.97115122
,5879,3.972819767
,6139,3.973314439
,6700,3.980299957
,6090,3.981337518
,6090,3.981337518
,6090,3.981337518
,6090,3.981337518
,6199,3.982750912
,6202,3.98352742
,6202,3.98352742
,5751,3.987717338
,5890,3.989487496
,6150,3.989764809
,6209,3.99003729
,6304,3.991213455
,6260,3.992018542
,6010,3.993200568
,5664,3.994063368
,6331,3.99502961
,5913,3.995991836
,6247,3.996360732
,6335,3.997757104
,6058,3.997774993
,5857,3.998186553
,6234,3.999852055
,5879,4.007141473
,5879,4.007141473
,5879,4.007141473
,5879,4.007141473
,5879,4.007141473
,5879,4.007141473
,5945,4.009533846
,5960,4.010599913
,6123,4.017851531
,6170,4.02019119
,6165,4.021030606
,6165,4.021030606
,6165,4.021030606
,6104,4.022049967
,6224,4.022851309
,6277,4.023974005
,5601,4.025754218
,5601,4.025754218
,6154,4.0258644
,5542,4.026202648
,6117,4.027552263
,6209,4.030053505
,6207,4.030067822
,6206,4.034708393
,6188,4.041809494
,6265,4.041905259
,6430,4.042605415
,5839,4.04637731
,5997,4.048527395
,6165,4.049433792
,6132,4.049469791
,5977,4.049891574
,6236,4.049940101
,6086,4.05113326
,5742,4.052678689
,6168,4.054916358
,6138,4.055960203
,6195,4.056660765
,6155,4.057360808
,6169,4.057550065
,6169,4.057550065
,5746,4.059541001
,6160,4.060724024
,6227,4.061010096
,6191,4.062088622
,6260,4.063625986
,6350,4.06409377
,6113,4.064860625
,6304,4.065672137
,6065,4.066697627
,6065,4.066697627
,5940,4.068903526
,5950,4.07018454
,5809,4.07267261
,6194,4.073639599
,5758,4.073860517
,6054,4.074355548
,6054,4.074355548
,5824,4.076414609
,6140,4.078448547
,6167,4.079547272
,6195,4.083907646
,5914,4.085772284
,5914,4.085772284
,6092,4.086631177
,6092,4.086631177
,6092,4.086631177
,6092,4.086631177
,6239,4.089201194
,6563,4.090104268
,5640,4.090628192
,6162,4.091645386
,6250,4.093793813
,6136,4.099203483
,5905,4.102657722
,5905,4.102657722
,6163,4.103017969
,6250,4.10409377
,5966,4.106097208
,6149,4.108031201
,5748,4.108054415
,5748,4.108054415
,6217,4.110396777
,5699,4.113981369
,6241,4.11556927
,6159,4.11569189
,5988,4.117114368
,6214,4.121945912
,5620,4.122028166
,5620,4.122028166
,6165,4.122778832
,6160,4.123623382
,6200,4.128137367
,6340,4.129020739
,6340,4.129020739
,5596,4.129347688
,5596,4.129347688
,6740,4.129455436
,6179,4.13090896
,6182,4.136007376
,6176,4.136904513
,6160,4.138750512
,6160,4.138750512
,6081,4.139233482
,6081,4.139233482
,6474,4.142783012
,6474,4.142783012
,6129,4.143542846
,5820,4.147057625
,6186,4.147114462
,6186,4.147114462
,6004,4.147228105
,6004,4.147228105
,6004,4.147228105
,6004,4.147228105
,6040,4.147252199
,5802,4.147345763
,6351,4.150837832
,6198,4.151254351
,6250,4.151445034
,6250,4.151445034
,,4.152905371
,6213,4.152940252
,5743,4.153130515
,6063,4.154410241
,6075,4.154520602
,5849,4.155020598
,5684,4.155351201
,5684,4.155351201
,5807,4.156414237
,5807,4.156414237
,6150,4.158785786
,6132,4.159294245
,5961,4.159413174
,6351,4.15950899
,6224,4.164377008
,6184,4.167128159
,5755,4.167290452
,6022,4.167981369
,6064,4.168037785
,5900,4.169700043
,6117,4.170413115
,5688,4.171046948
,5758,4.173274618
,6115,4.173438668
,6115,4.173438668
,5896,4.173455436
,5752,4.177847318
,6012,4.177967312
,6012,4.177967312
,5922,4.177991163
,6155,4.178141093
,6167,4.181884596
,,4.182978984
,,4.182978984
,5807,4.182985485
,5807,4.182985485
,5807,4.182985485
,5807,4.182985485
,6509,4.184753912
,6509,4.184753912
,6509,4.184753912
,6136,4.186377008
,5948,4.187800805
,5948,4.187800805
,5905,4.190201541
,5905,4.190201541
,5905,4.190201541
,6143,4.190283647
,5880,4.191495709
,6158,4.19174892
,5827,4.194343565
,5827,4.194343565
,6091,4.195646112
,6091,4.195646112
,6166,4.196020739
,6166,4.196020739
,5599,4.196916281
,6440,4.198059865
,6179,4.199247416
,6125,4.200769048
,6060,4.203001509
,6159,4.204896722
,5900,4.207430301
,6050,4.207547143
,6357,4.207912017
,6077,4.209019856
,6077,4.209019856
,6091,4.209119563
,6089,4.209265619
,6089,4.209265619
,6097,4.210009625
,5700,4.210063368
,5783,4.212850201
,5800,4.213036574
,6126,4.213634063
,6126,4.213634063
,5867,4.215361331
,6167,4.216007186
,6150,4.216430301
,6157,4.21710253
,6170,4.218376045
,6166,4.219618846
,6140,4.220141093
,6040,4.223637474
,6174,4.225138344
,6402,4.22530012
,6402,4.22530012
,6335,4.226344102
,6335,4.226344102
,5736,4.226620652
,5736,4.226620652
,5627,4.227313693
,5627,4.227313693
,5644,4.228706833
,5972,4.234469528
,5956,4.236196482
,6168,4.236625063
,6180,4.240036574
,5900,4.244324791
,5900,4.244324791
,6133,4.245101219
,6297,4.246128159
,5732,4.248946924
,5800,4.250915396
,6113,4.250981472
,6067,4.253736618
,5967,4.254007222
,6202,4.254222732
,6038,4.256341217
,6168,4.256774891
,5908,4.257075977
,6326,4.260341509
,6326,4.260341509
,6137,4.260935764
,6074,4.26187129
,6074,4.26187129
,6092,4.268701849
,6175,4.269166918
,5727,4.269258126
,5727,4.269258126
,5952,4.272722887
,5952,4.272722887
,,4.273550901
,6098,4.27409589
,6118,4.274302838
,5800,4.274393726
,5932,4.27513145
,6161,4.275665329
,6771,4.277645177
,5869,4.278249837
,6230,4.279400087
,5990,4.280392377
,6087,4.283126338
,6087,4.283126338
,6080,4.28687153
,5884,4.289549206
,5884,4.289549206
,6035,4.291116542
,6100,4.291710647
,6346,4.29214912
,5636,4.297543705
,5636,4.297543705
,5852,4.298128344
,5852,4.298128344
,6089,4.298434888
,5500,4.299803159
,5888,4.301631728
,5888,4.301631728
,5888,4.301631728
,5933,4.301963565
,6045,4.30290896
,6045,4.30290896
,6074,4.303055931
,5990,4.30409377
,5867,4.308323676
,5867,4.308323676
,5867,4.308323676
,5842,4.309133782
,6154,4.309165323
,6069,4.312920609
,6112,4.313812726
,5938,4.314924679
,5938,4.314924679
,5783,4.315611471
,5783,4.315611471
,6123,4.31574538
,6123,4.31574538
,5904,4.319176107
,6060,4.320431436
,5863,4.322019856
,6177,4.324477662
,6016,4.324667967
,6016,4.324667967
,6218,4.324754534
,5948,4.325266103
,5948,4.325266103
,5890,4.327345546
,5945,4.330034181
,6116,4.331138278
,5747,4.331582948
,6078,4.332891773
,6112,4.337174486
,6112,4.337174486
,5793,4.338331158
,5793,4.338331158
,5793,4.338331158
,6146,4.338612043
,6053,4.338787453
,6248,4.341044855
,6248,4.341044855
,6248,4.341044855
,5960,4.342605415
,6080,4.343526987
,6080,4.343526987
,6080,4.343526987
,6080,4.343526987
,6080,4.343526987
,6080,4.343526987
,6080,4.343526987
,6080,4.343526987
,6040,4.344853204
,5987,4.347694296
,5987,4.347694296
,6191,4.34778206
,6109,4.347928781
,6052,4.3487935
,6152,4.349383062
,6152,4.349383062
,5892,4.350604568
,5892,4.350604568
,5892,4.350604568
,6104,4.352785786
,5905,4.353295197
,5905,4.353295197
,5998,4.354708256
,6037,4.360119043
,6037,4.360119043
,6087,4.360720642
,5816,4.362709852
,5911,4.364563675
,5911,4.364563675
,5911,4.364563675
,5911,4.364563675
,5911,4.364563675
,5911,4.364563675
,5977,4.365988397
,5977,4.365988397
,6000,4.366641142
,6272,4.367246417
,6050,4.367544318
,6050,4.367544318
,6050,4.367544318
,6050,4.367544318
,6050,4.367544318
,5949,4.369117583
,5949,4.369117583
,6095,4.369758982
,6095,4.369758982
,5987,4.369923126
,5966,4.37092317
,5966,4.37092317
,5790,4.374657226
,5790,4.374657226
,5790,4.374657226
,5889,4.375031201
,6100,4.37513326
,6046,4.379599913
,6068,4.383308047
,6079,4.384776516
,5674,4.384815307
,6058,4.385703308
,5886,4.388768824
,5886,4.388768824
,5923,4.390201781
,5738,4.390295197
,5886,4.395057625
,5854,4.395781143
,6045,4.396187808
,5921,4.400284574
,5956,4.401361942
,5956,4.401361942
,5828,4.401694296
,5828,4.401694296
,5828,4.401694296
,5751,4.401982759
,5751,4.401982759
,5751,4.401982759
,5751,4.401982759
,5751,4.401982759
,6064,4.404647278
,6064,4.404647278
,6099,4.404706174
,6010,4.405535084
,6010,4.405535084
,5502,4.40590089
,5502,4.40590089
,5848,4.406305863
,5848,4.406305863
,5600,4.406457147
,5600,4.406457147
,5600,4.406457147
,5600,4.406457147
,6010,4.407449076
,6059,4.408923239
,6003,4.410786857
,6003,4.410786857
,6003,4.410786857
,6003,4.410786857
,5892,4.412809494
,6148,4.414053795
,6027,4.415799051
,5877,4.417851531
,6031,4.421541415
,6169,4.422719756
,6169,4.422719756
,5544,4.425572927
,6067,4.42722067
,5940,4.429210842
,5979,4.430853204
,5979,4.430853204
,5588,4.43151071
,6185,4.432758982
,5981,4.4333522
,6051,4.435612043
,5679,4.437227347
,5995,4.439235721
,5593,4.440636879
,5593,4.440636879
,5593,4.440636879
,5600,4.443191531
,5979,4.445485912
,6077,4.446174881
,5956,4.446355548
,5740,4.447931133
,5954,4.447939647
,5647,4.448739942
,5945,4.449535678
,6014,4.450391768
,6011,4.45090896
,5600,4.451299098
,6224,4.452264634
,6224,4.452264634
,6002,4.453077052
,5986,4.45737083
,6005,4.458169426
,5905,4.460037248
,5568,4.463961855
,6000,4.464615425
,5816,4.464757104
,5816,4.464757104
,6014,4.464988299
,6080,4.465520199
,5950,4.468341509
,5990,4.468352018
,5980,4.468429705
,5980,4.468429705
,5859,4.470850048
,5954,4.471617695
,6007,4.475463671
,5975,4.477393726
,5985,4.477433738
,5812,4.479368301
,5812,4.479368301
,6020,4.479614984
,5655,4.480427644
,5955,4.480537463
,5512,4.481640912
,5512,4.481640912
,6105,4.482904513
,6105,4.482904513
,5871,4.486362393
,6089,4.486763559
,6089,4.486763559
,6089,4.486763559
,5970,4.487333205
,6021,4.488055625
,5946,4.488659778
,5983,4.488868169
,5983,4.488868169
,5770,4.49060993
,6028,4.495153243
,5974,4.495424262
,5986,4.498417575
,5986,4.498417575
,6082,4.49886751
,5975,4.499923126
,5991,4.500477662
,6087,4.502186553
,5841,4.503368388
,5841,4.503368388
,5841,4.503368388
,5965,4.505811877
,5931,4.50638042
,5753,4.507852016
,5753,4.507852016
,5753,4.507852016
,5850,4.508676965
,6058,4.508745198
,6083,4.510420685
,27730,4.510589963
,27730,4.510589963
,5892,4.511132165
,5964,4.511392021
,5830,4.517266928
,5830,4.517266928
,6050,4.517560518
,5688,4.519939744
,5932,4.520458101
,5665,4.521726533
,5665,4.521726533
,6158,4.524175728
,5967,4.52553146
,5967,4.526459952
,6091,4.527116634
,6209,4.52721083
,6209,4.52721083
,5616,4.527284574
,5961,4.527769048
,5897,4.52909377
,5897,4.52909377
,5897,4.52909377
,5897,4.52909377
,6020,4.532026073
,5904,4.532073397
,5645,4.532376974
,5645,4.532376974
,5764,4.53257418
,5764,4.53257418
,5764,4.53257418
,5652,4.5334658
,5894,4.533847318
,5973,4.534299957
,5780,4.534396991
,5957,4.536086541
,6037,4.538035715
,5965,4.538330825
,5943,4.541001509
,5948,4.541744551
,5961,4.541928148
,5797,4.542412731
,5742,4.542594505
,5993,4.543151487
,5874,4.543641989
,6024,4.543884143
,5865,4.543992703
,5940,4.5455197
,5695,4.548708393
,5701,4.551359822
,5701,4.551359822
,5882,4.551994881
,5793,4.552548432
,5790,4.552923239
,6012,4.555196482
,5941,4.555568213
,6035,4.557653972
,6280,4.558620652
,5898,4.558751806
,5898,4.558751806
,5898,4.558751806
,5600,4.559547143
,5600,4.559547143
,5840,4.562323676
,5902,4.56421083
,6116,4.565563305
,5971,4.565768848
,5956,4.566057809
,5711,4.569474769
,5711,4.569474769
,5711,4.569474769
,5400,4.569659778
,5983,4.569797782
,5940,4.571580674
,5769,4.572658638
,5834,4.573081112
,5943,4.574524178
,5943,4.574524178
,6090,4.574546374
,5927,4.574567554
,5927,4.574567554
,5726,4.575993091
,5971,4.576064765
,5802,4.578552351
,5913,4.578635732
,6062,4.58290385
,5721,4.584607181
,5754,4.586917844
,5754,4.586917844
,5650,4.587778832
,5849,4.588415597
,5783,4.590136529
,5783,4.590136529
,5860,4.590625663
,5913,4.592397306
,5946,4.594036574
,5750,4.596916664
,5738,4.598978501
,5748,4.5990196
,5887,4.600229443
,5594,4.600319725
,5594,4.600319725
,5890,4.603237421
,5913,4.604477662
,5958,4.605509939
,5901,4.609
,6018,4.609003656
,5944,4.609811877
,5858,4.611117291
,5858,4.611117291
,5858,4.611117291
,5858,4.611117291
,6014,4.611385699
,6014,4.611385699
,5935,4.611719756
,6127,4.61390385
,5936,4.614227347
,6000,4.614393726
,5730,4.615516985
,5884,4.616025119
,5765,4.617434552
,5765,4.617434552
,5660,4.620268559
,27500,4.620325182
,27500,4.620325182
,27500,4.620325182
,5600,4.620393131
,5909,4.620544318
,5716,4.621920895
,5895,4.623495335
,6088,4.624381974
,6088,4.624381974
,5980,4.624925999
,6031,4.625213977
,6031,4.625213977
,6031,4.625213977
,6031,4.625213977
,6031,4.625213977
,5905,4.625520721
,5781,4.625550065
,5725,4.626958836
,5920,4.627895499
,5774,4.629590912
,5774,4.629590912
,5774,4.629590912
,5892,4.630449076
,5903,4.630519199
,5870,4.631917905
,5914,4.632657722
,5713,4.633924679
,5880,4.635591618
,5748,4.637625809
,5748,4.637625809
,5976,4.637930738
,5976,4.637930738
,5992,4.638482348
,6018,4.640952773
,6018,4.640952773
,6018,4.640952773
,6165,4.641594573
,6165,4.641594573
,5972,4.64166948
,5871,4.641906566
,5902,4.644176052
,5606,4.645170489
,5556,4.645503867
,5556,4.645503867
,5870,4.645786857
,5622,4.647263138
,5622,4.647263138
,5911,4.647498392
,5948,4.648591781
,5948,4.648591781
,5790,4.648858235
,5950,4.649526987
,5866,4.650459785
,,4.651230405
,5837,4.652216315
,5597,4.65287009
,5770,4.65613326
,6026,4.656546374
,5909,4.656546755
,5838,4.657041553
,5974,4.65801098
,5820,4.659395235
,5588,4.660831417
,5800,4.66092317
,5926,4.661459952
,5690,4.661476008
,5869,4.666280322
,6031,4.666574906
,6031,4.666574906
,5950,4.666920433
,5810,4.667605415
,5904,4.668497507
,6010,4.668853204
,5884,4.669572909
,5800,4.66964573
,5685,4.669660689
,5685,4.669660689
,5869,4.669763412
,5869,4.669763412
,5498,4.672359822
,5498,4.672359822
,5498,4.672359822
,5863,4.673169747
,5957,4.673253758
,5807,4.676651996
,5906,4.676809757
,6060,4.678536025
,5849,4.683986542
,5844,4.685480803
,6019,4.685632326
,5645,4.686003567
,5857,4.686522632
,5865,4.687360732
,5784,4.689308141
,6023,4.690361942
,6023,4.690361942
,5837,4.690368789
,5782,4.690963855
,5817,4.691124971
,5817,4.691124971
,5923,4.692312712
,5727,4.69423554
,5920,4.697102015
,5870,4.69989453
,5904,4.701618379
,5841,4.703574906
,5841,4.703574906
,5551,4.703750512
,5551,4.703750512
,5551,4.703750512
,5551,4.703750512
,5899,4.705553711
,5928,4.706710539
,5963,4.706972567
,5746,4.707247686
,5863,4.707486509
,5863,4.707486509
,5552,4.70804334
,5552,4.70804334
,5867,4.70851392
,5662,4.708615778
,5667,4.712173152
,5667,4.712173152
,5835,4.713305458
,5835,4.713305458
,5835,4.713305458
,5835,4.713305458
,5913,4.714351201
,5736,4.718235128
,5736,4.718235128
,5774,4.718508941
,5774,4.718508941
,5746,4.719653972
,5850,4.719830387
,5934,4.721272247
,5785,4.722258321
,5740,4.723769048
,5740,4.723769048
,5876,4.724056174
,5903,4.725484362
,5885,4.726057809
,5919,4.727624421
,5837,4.728868496
,5990,4.7305098
,5990,4.7305098
,5990,4.7305098
,5757,4.732097208
,5737,4.732571393
,5573,4.732917844
,5701,4.733220395
,5701,4.733220395
,5977,4.734305726
,5977,4.734305726
,5977,4.734305726
,5777,4.738433217
,5777,4.738433217
,5777,4.738433217
,5846,4.739001509
,5884,4.744379421
,5958,4.744898098
,5769,4.745983282
,5851,4.747342269
,5748,4.74852407
,5866,4.749343103
,5627,4.749769484
,5627,4.749769484
,5600,4.749943017
,5860,4.750175728
,5961,4.750746352
,5778,4.750791121
,5813,4.751754546
,5801,4.752138278
,5806,4.753981395
,5770,4.755013674
,5770,4.755013674
,5715,4.755070417
,6105,4.75528238
,6105,4.75528238
,6105,4.75528238
,5990,4.755404222
,5657,4.755843661
,5657,4.755843661
,5560,4.756703689
,5766,4.756937707
,5820,4.757332125
,5904,4.758417575
,5893,4.758607783
,5893,4.758607783
,5890,4.759654963
,5852,4.760983282
,5825,4.761559874
,5961,4.761835263
,5894,4.761913498
,6012,4.762381974
,6012,4.762381974
,5763,4.762735236
,5700,4.765190196
,5817,4.766870532
,5839,4.767095057
,5888,4.76798642
,5842,4.768414237
,6014,4.76853146
,,4.768651996
,,4.768651996
,5688,4.76889363
,5850,4.769101983
,5835,4.769668675
,5839,4.77018291
,6096,4.770727997
,5821,4.77283611
,5821,4.77283611
,5821,4.77283611
,5887,4.775741795
,5831,4.776279284
,5791,4.777535678
,5935,4.778618723
,5893,4.780708393
,5831,4.781596794
,5831,4.781596794
,5714,4.78290389
,5829,4.783173152
,5761,4.787359012
,5830,4.789667733
,5760,4.789943017
,5400,4.79136082
,5754,4.792356387
,5906,4.794
,5776,4.794676965
,5816,4.794988299
,6184,4.796768848
,6184,4.796768848
,5664,4.797224707
,5664,4.797224707
,5664,4.797224707
,5740,4.798362358
,5918,4.798963391
,5918,4.798963391
,5918,4.798963391
,5987,4.799263137
,5754,4.800183849
,5808,4.800793813
,5789,4.803481414
,5789,4.803481414
,5815,4.80372164
,5789,4.807247416
,5857,4.807709735
,5813,4.809396991
,5849,4.819904085
,5808,4.820589963
,5818,4.820703308
,5662,4.82152407
,6090,4.823380065
,5625,4.823637474
,5260,4.823637474
,5740,4.824293249
,5740,4.824293249
,5741,4.824891773
,5870,4.824906566
,5845,4.825157848
,5792,4.825913498
,5796,4.826546755
,5642,4.827263196
,5642,4.827263196
,5642,4.827263196
,5839,4.829480803
,5998,4.830547372
,5797,4.831655018
,5883,4.835368789
,5857,4.835526511
,5831,4.835622062
,5871,4.836203483
,5696,4.838360808
,5696,4.838360808
,5733,4.838779907
,5780,4.8391144
,5780,4.839297253
,5861,4.839809324
,5812,4.840287767
,5790,4.842602974
,5806,4.84372811
,5862,4.844269021
,5686,4.844927514
,5925,4.845624816
,5665,4.845661898
,5803,4.845744928
,5577,4.846940961
,5577,4.846940961
,5570,4.849489621
,5820,4.850945067
,5644,4.852697627
,5780,4.855045514
,5793,4.855985793
,5793,4.855985793
,5771,4.856757104
,5942,4.857143737
,5942,4.857143737
,5924,4.857596794
,5884,4.860694296
,5778,4.861958313
,5753,4.862510798
,5761,4.862907646
,5759,4.863408855
,5808,4.869898098
,5670,4.870191363
,5670,4.870191363
,6077,4.87066948
,5771,4.870853464
,5619,4.871218636
,5619,4.871218636
,5902,4.871574046
,5690,4.874169426
,5690,4.874169426
,5690,4.874169426
,5690,4.874169426
,5690,4.874169426
,5757,4.874348847
,5515,4.87449408
,5476,4.8745542
,5476,4.8745542
,5659,4.878299098
,5627,4.87881541
,5743,4.879168444
,5732,4.881120934
,5561,4.883628854
,5851,4.88389453
,5670,4.885464418
,5770,4.886073148
,5538,4.887082751
,5830,4.889190439
,5802,4.889800315
,5821,4.890643468
,5821,4.890643468
,5806,4.891706174
,5678,4.892870532
,5678,4.892870532
,5765,4.893063368
,5836,4.893651158
,6012,4.895928781
,6012,4.895928781
,6012,4.895928781
,6012,4.895928781
,5779,4.900037248
,5779,4.900037248
,5625,4.900072606
,5625,4.900072606
,5734,4.905591781
,5725,4.905793452
,5798,4.909117688
,5947,4.909243748
,5792,4.90937271
,5792,4.90937271
,5743,4.910055625
,5595,4.910480127
,5595,4.910480127
,5888,4.910669789
,5888,4.910669789
,6021,4.912459952
,6021,4.912459952
,5945,4.912470674
,5735,4.912746352
,5949,4.912848316
,5820,4.913278312
,5820,4.913278312
,5835,4.913939647
,5835,4.913939647
,5700,4.914393726
,5753,4.915097437
,5642,4.915458026
,5753,4.91612908
,5753,4.91612908
,5833,4.916621831
,5730,4.91864572
,5815,4.918980474
,5815,4.918980474
,5815,4.918980474
,5769,4.919071125
,5744,4.919305863
,5538,4.920860031
,5538,4.920860031
,5835,4.922578458
,5629,4.924619506
,5726,4.924636084
,5726,4.924636084
,6293,4.925227811
,5723,4.925431288
,5582,4.926173152
,5690,4.9264083
,5808,4.92686763
,5808,4.92686763
,5808,4.92686763
,5858,4.927665212
,5858,4.927665212
,5858,4.927665212
,5776,4.927909887
,5602,4.92811753
,5704,4.929136211
,5717,4.932812726
,5763,4.933699185
,5774,4.93388727
,5767,4.936331436
,5834,4.938244418
,5608,4.938606805
,5533,4.940591618
,5539,4.943676965
,5759,4.944622062
,5497,4.945200847
,5497,4.945200847
,5743,4.94760357
,7147,4.948286679
,5502,4.949714422
,5502,4.949714422
,5502,4.949714422
,6112,4.9515353
,5698,4.952547143
,5723,4.952589963
,5715,4.952753548
,5694,4.953694296
,5757,4.954239794
,5757,4.954239794
,5747,4.955284115
,5706,4.955510798
,5718,4.95617037
,5705,4.95641069
,5772,4.956774993
,5797,4.956984243
,5791,4.957877976
,5828,4.958469528
,5828,4.958469528
,5712,4.959227347
,5722,4.960553715
,5796,4.963164034
,5666,4.963413439
,5666,4.963413439
,5723,4.963437745
,5617,4.965500217
,5617,4.965500217
,5617,4.965500217
,5617,4.965500217
,5875,4.966249742
,5617,4.966343878
,5718,4.966646112
,5746,4.969095045
,5746,4.969095045
,5747,4.970848971
,5705,4.971905953
,5683,4.972280322
,5869,4.972930738
,,4.976652311
,,4.976652311
,5727,4.977607783
,5773,4.977922262
,5200,4.979475743
,5663,4.979763559
,5840,4.98110253
,5772,4.981615425
,5722,4.981909225
,5756,4.982544318
,5793,4.983200847
,5727,4.983660689
,5724,4.985615425
,5713,4.986025561
,5713,4.986025561
,5560,4.988309967
,5715,4.993147782
,5760,4.994371236
,5857,4.995020021
,5857,4.995020021
,5735,4.995051803
,5842,4.996274949
,5728,4.999330825
,5544,5.0013942
,5544,5.0013942
,5544,5.0013942
,5762,5.002135522
,5677,5.002634063
,5700,5.00409377
,5600,5.004742317
,5844,5.006621831
,5564,5.007303613
,5564,5.007303613
,5564,5.007303613
,5564,5.007303613
,5719,5.008500803
,5782,5.01158282
,5750,5.012357765
,5659,5.016431288
,,5.016715209
,5753,5.016932039
,5926,5.017743289
,5600,5.019201427
,5706,5.021754546
,5669,5.021906964
,5669,5.021906964
,5421,5.02289641
,5794,5.023479469
,5671,5.023829005
,5345,5.023960203
,5345,5.023960203
,5345,5.023960203
,5785,5.024495335
,5697,5.024790122
,5631,5.02667261
,5665,5.027174881
,5526,5.027434661
,5526,5.027434661
,5526,5.027434661
,5526,5.027434661
,5800,5.0275294
,5508,5.030998294
,5679,5.032055931
,5679,5.032055931
,5750,5.032546374
,5755,5.032793583
,5698,5.033258126
,5852,5.034906196
,5852,5.034906196
,5660,5.035400039
,5460,5.035509939
,5460,5.035509939
,5706,5.036507248
,5710,5.039055625
,5643,5.039459952
,5799,5.03951071
,5799,5.03951071
,5776,5.039693683
,5776,5.039693683
,5700,5.040621831
,5777,5.040880134
,5644,5.042032817
,5656,5.042343103
,5708,5.045786594
,5682,5.046158144
,5677,5.046838901
,5680,5.047014522
,5580,5.049254351
,5580,5.049254351
,5580,5.049254351
,5580,5.049254351
,5623,5.050243748
,5574,5.050650195
,5574,5.050650195
,5574,5.050650195
,5676,5.052422949
,5664,5.052801831
,5706,5.052904513
,5847,5.054090079
,5847,5.054090079
,5722,5.054886259
,5430,5.05513326
,5681,5.057923126
,5616,5.058201427
,5618,5.059243748
,5805,5.05951071
,5747,5.06237083
,5788,5.063434888
,5788,5.063434888
,5788,5.063434888
,5693,5.063920438
,5692,5.064141093
,5682,5.066227347
,5682,5.066227347
,5694,5.066408248
,5653,5.067088622
,5697,5.067410097
,5679,5.067738675
,5710,5.067802026
,5410,5.068932447
,,5.069020692
,,5.069020692
,,5.069020692
,,5.069020692
,5630,5.06992143
,5730,5.070929404
,5692,5.07242308
,5624,5.07338138
,5635,5.075476064
,5664,5.077440311
,5842,5.078172455
,5703,5.078750912
,5683,5.078793038
,5962,5.079261896
,5449,5.07951071
,5718,5.081497272
,5765,5.081753912
,5633,5.082272247
,5939,5.082391466
,5660,5.082907646
,5667,5.083070691
,5384,5.084220395
,5384,5.084220395
,5806,5.08741054
,5806,5.08741054
,5744,5.087800315
,5744,5.087800315
,5741,5.088446811
,5070,5.088521097
,5659,5.089520199
,5577,5.0903522
,5577,5.0903522
,5577,5.0903522
,5796,5.090476064
,5796,5.090476064
,5600,5.092403737
,5600,5.092403737
,6027,5.092448845
,5653,5.093541445
,5685,5.09383611
,5520,5.095787453
,5709,5.095869622
,5631,5.098213285
,5631,5.098213285
,5663,5.099582948
,5602,5.102193587
,5602,5.102193587
,5602,5.102193587
,5602,5.102193587
,5475,5.106293249
,5660,5.106485912
,5620,5.106999141
,5650,5.107580279
,5629,5.107965504
,5505,5.113495608
,5592,5.11390389
,5675,5.114035715
,5500,5.114393726
,5667,5.119002033
,5608,5.120470674
,,5.120736618
,,5.120736618
,5679,5.121856111
,5745,5.121897488
,5647,5.123157848
,5665,5.126786594
,5677,5.127931133
,5649,5.128671863
,5593,5.128815307
,5660,5.129520199
,5637,5.129620756
,5526,5.130138278
,5526,5.130138278
,5526,5.130138278
,5655,5.130403737
,5644,5.130765404
,5644,5.130765404
,5850,5.131034091
,6043,5.132622062
,6043,5.132622062
,6043,5.132622062
,5645,5.133658919
,5441,5.134678637
,5441,5.134678637
,5638,5.13486763
,5493,5.135067822
,5649,5.135567367
,5678,5.135972567
,5643,5.13637271
,5578,5.137636879
,6053,5.141120458
,6053,5.141120458
,5614,5.141266592
,5668,5.142293249
,5616,5.142796946
,5612,5.143546755
,5582,5.144063405
,5701,5.144619937
,6033,5.145601514
,6033,5.145601514
,5679,5.146265193
,5617,5.146441931
,5617,5.146441931
,5594,5.147818654
,5627,5.148244222
,5560,5.149601329
,5560,5.149601329
,5560,5.149601329
,5560,5.149601329
,5560,5.149601329
,5854,5.149929404
,5854,5.149929404
,5817,5.150788439
,5653,5.15232486
,5626,5.153609538
,5608,5.153672039
,5644,5.154563561
,5658,5.154653972
,5520,5.158625722
,5442,5.16073047
,5629,5.160779907
,5500,5.160790891
,5612,5.161396991
,5302,5.162930738
,5636,5.164432358
,5957,5.165746503
,5957,5.165746503
,5957,5.165746503
,5513,5.165935764
,5513,5.165935764
,5716,5.166217246
,5566,5.166303524
,5586,5.166443693
,5638,5.167935764
,5638,5.167935764
,5913,5.168928148
,5913,5.168928148
,5558,5.169272465
,5664,5.170703308
,5667,5.170864095
,5612,5.172020692
,5612,5.174643468
,5680,5.174910797
,5756,5.177569513
,5614,5.17769189
,5575,5.179902931
,5590,5.181096439
,5479,5.181096439
,5479,5.181096439
,5479,5.181096439
,5367,5.181243748
,5367,5.181243748
,5530,5.18141054
,5494,5.182629447
,5494,5.182629447
,,5.182905371
,5582,5.185056545
,5428,5.186414237
,5428,5.186414237
,5428,5.186414237
,5428,5.186414237
,5938,5.188810225
,5938,5.188810225
,5526,5.192810225
,5526,5.192810225
,5526,5.192810225
,5526,5.192810225
,5556,5.194073397
,5579,5.195184617
,,5.195388804
,,5.195388804
,,5.195388804
,5581,5.196963855
,5598,5.197076716
,5598,5.197076716
,5598,5.197076716
,5612,5.19711861
,5495,5.198010011
,5495,5.198010011
,5495,5.198010011
,5495,5.198010011
,5495,5.198010011
,5495,5.198010011
,5556,5.200753548
,5317,5.201742781
,5616,5.20240991
,5731,5.203481136
,5731,5.203481136
,5672,5.204722887
,5570,5.206868496
,5698,5.207126252
,5611,5.207422443
,5600,5.207755393
,5589,5.20798369
,5675,5.211510798
,5599,5.211838321
,5686,5.212527757
,5622,5.213541445
,5634,5.215413174
,5610,5.215495373
,5547,5.216925678
,5597,5.217263196
,5380,5.219441839
,5575,5.219640912
,5535,5.219810667
,5505,5.222084706
,5526,5.222677399
,5601,5.223454502
,5804,5.225143737
,5804,5.225143737
,5620,5.225446475
,5508,5.227458026
,5557,5.227912617
,5641,5.228395235
,5655,5.229547649
,5544,5.231640144
,5787,5.233377779
,5787,5.233377779
,5739,5.233415597
,5739,5.233415597
,5739,5.233415597
,5739,5.233415597
,5612,5.233755668
,5612,5.233755668
,5371,5.234057084
,5908,5.234177903
,5908,5.234177903
,5399,5.234691423
,5399,5.234691423
,5559,5.235363942
,5520,5.235801735
,5521,5.238005502
,5661,5.238303613
,5631,5.238314012
,5631,5.238314012
,5631,5.238314012
,5346,5.239413174
,5568,5.240090079
,5646,5.24037083
,5646,5.24037083
,5750,5.24116255
,5519,5.241814436
,5519,5.241814436
,5519,5.241814436
,5602,5.242116542
,5723,5.243746628
,5723,5.243746628
,5569,5.244284214
,5502,5.244614121
,5502,5.244614121
,5502,5.244614121
,5460,5.244754546
,5715,5.245667733
,5630,5.246634063
,5541,5.247363942
,5676,5.24890896
,5676,5.24890896
,5676,5.24890896
,5559,5.249097415
,5603,5.25186751
,5657,5.253107632
,5605,5.253379421
,5610,5.254008192
,5464,5.254681427
,5628,5.255172455
,5541,5.255363955
,5549,5.256802026
,5416,5.258943791
,5416,5.258943791
,5550,5.259983142
,5626,5.260442837
,5626,5.260442837
,5596,5.260774701
,5490,5.261298163
,5663,5.262697627
,5663,5.262697627
,5663,5.262697627
,5663,5.262697627
,5663,5.262697627
,5663,5.262697627
,5372,5.26509293
,5372,5.26509293
,5895,5.266174881
,5895,5.266174881
,5609,5.267116542
,5772,5.267280396
,5797,5.268553711
,5797,5.268553711
,5797,5.268553711
,5518,5.270231995
,5399,5.270669679
,6200,5.271175311
,5507,5.271848316
,5557,5.273952773
,5533,5.274960203
,5519,5.275007376
,5447,5.27532486
,5539,5.275363433
,5341,5.277210842
,5752,5.279196482
,5752,5.279196482
,5752,5.279196482
,5512,5.279508094
,5544,5.280497272
,5544,5.280497272
,5731,5.282185873
,5527,5.282391022
,5518,5.284312406
,5826,5.286868496
,5826,5.286868496
,5504,5.287308047
,5250,5.287423526
,5250,5.287423526
,5503,5.288481749
,5503,5.288481749
,5522,5.290128572
,5396,5.290354331
,5436,5.293614984
,5436,5.293614984
,5436,5.293614984
,5436,5.293614984
,5496,5.29432486
,5545,5.295946021
,5523,5.296020598
,5426,5.296101465
,5555,5.298118591
,5555,5.298118591
,5555,5.298118591
,5400,5.30136082
,5528,5.301417575
,5560,5.301791033
,5440,5.302403737
,5453,5.30465833
,5453,5.30465833
,5362,5.306954888
,5515,5.308181179
,5477,5.316304611
,5477,5.316304611
,5329,5.316452024
,5329,5.316452024
,5500,5.317434661
,5522,5.31798145
,5491,5.318544169
,5595,5.320013232
,5774,5.320147782
,5774,5.320147782
,5530,5.32051192
,5527,5.321501441
,5545,5.323637474
,5545,5.323637474
,,5.323685033
,5517,5.323894906
,5400,5.326819459
,5533,5.328984243
,5549,5.330657226
,5392,5.330947528
,5558,5.332687432
,5545,5.33453146
,5519,5.334572421
,5528,5.335434193
,5677,5.336695996
,5494,5.338379421
,5554,5.340211876
,5338,5.340887806
,5403,5.342753548
,5475,5.343319813
,5522,5.343616576
,5900,5.345324464
,5314,5.345449935
,5614,5.347037785
,5418,5.348937431
,5498,5.349811384
,5440,5.350219652
,5725,5.350586639
,5548,5.35205382
,5634,5.352770735
,5431,5.356333827
,5695,5.35888992
,5462,5.360625722
,5462,5.360625722
,5499,5.361391466
,5140,5.363409712
,5478,5.363677399
,5540,5.367377442
,5570,5.369159603
,5520,5.369959735
,6002,5.370974992
,6002,5.370974992
,5271,5.371919897
,5388,5.372781155
,5388,5.372781155
,5625,5.376210842
,5688,5.376233482
,5635,5.376906196
,5635,5.376906196
,5495,5.37760993
,5401,5.379243748
,5401,5.379243748
,5401,5.379243748
,5401,5.379243748
,5434,5.379839121
,5434,5.379839121
,5444,5.382567623
,5444,5.382567623
,5477,5.383491853
,5488,5.383547109
,5502,5.38387153
,5539,5.38418861
,5382,5.384952004
,5294,5.386495153
,5470,5.389408248
,5618,5.390586639
,5550,5.391535084
,5513,5.391876247
,5486,5.393323612
,5615,5.393981472
,5615,5.393981472
,5543,5.394101426
,5552,5.394850022
,5552,5.394850022
,5552,5.394850022
,5552,5.394850022
,5485,5.395980474
,5482,5.396216315
,6035,5.397476008
,5430,5.398615778
,5430,5.398615778
,5461,5.399811384
,5498,5.400108292
,5448,5.402164357
,5695,5.402331633
,5885,5.40286751
,5885,5.40286751
,5282,5.402929487
,5485,5.404308047
,5788,5.408870532
,5788,5.408870532
,5818,5.412547649
,5818,5.412547649
,5443,5.413895729
,5450,5.414153095
,5508,5.414917797
,5422,5.416586639
,5381,5.416811384
,5381,5.416811384
,5381,5.416811384
,5434,5.41790896
,5446,5.419124971
,5421,5.419415597
,5473,5.421451176
,5847,5.424797782
,5847,5.424797782
,5623,5.425068078
,5474,5.430111258
,5456,5.431033398
,5569,5.435223714
,5569,5.435223714
,5582,5.438514288
,5479,5.438734134
,5453,5.439791967
,5455,5.439901118
,5444,5.44300613
,5442,5.444261896
,5403,5.446945067
,5403,5.446945067
,5538,5.44769189
,5600,5.447719491
,5600,5.447719491
,5416,5.448387475
,5438,5.448703225
,5468,5.448931473
,5603,5.450297253
,5603,5.450297253
,5603,5.450297253
,5452,5.450779907
,5493,5.452213977
,,5.453589856
,5416,5.45526444
,5297,5.455614121
,5297,5.455614121
,5297,5.455614121
,5418,5.455869622
,5471,5.456841401
,5378,5.457221258
,5378,5.457221258
,5365,5.457585257
,5471,5.459001509
,5471,5.459001509
,5470,5.45937731
,5196,5.459871349
,5196,5.459871349
,5196,5.459871349
,5196,5.459871349
,5196,5.459871349
,5358,5.460232628
,5358,5.460232628
,5438,5.461301198
,5519,5.462673921
,5519,5.462673921
,5620,5.464120601
,5620,5.464120601
,5437,5.464463671
,5453,5.464898098
,5900,5.464983568
,5484,5.465455698
,5484,5.465455698
,5484,5.465455698
,5484,5.465455698
,5410,5.46586947
,5461,5.46588727
,5630,5.46750899
,5507,5.471781371
,5471,5.471923126
,5527,5.48032486
,5010,5.48114327
,5476,5.482203483
,5518,5.489497507
,5571,5.491114368
,5571,5.491114368
,5571,5.491114368
,5486,5.49190147
,5468,5.496700043
,5427,5.497860517
,5523,5.498965236
,5388,5.503153635
,5390,5.504018542
,5385,5.505051803
,5385,5.505051803
,5385,5.505051803
,5472,5.509971937
,5387,5.511365979
,5510,5.514393726
,5576,5.514850022
,5302,5.515280322
,5302,5.515280322
,5515,5.519623213
,5381,5.519888653
,5347,5.520853589
,5416,5.523507744
,5527,5.524051883
,4790,5.529243748
,5436,5.532535055
,5449,5.535911207
,5564,5.536800315
,5523,5.537270572
,5440,5.54
,5368,5.542000097
,5535,5.545691394
,5431,5.547904525
,5431,5.55037271
,5280,5.550929762
,5352,5.552868564
,5419,5.553175728
,5363,5.556102015
,5285,5.557009152
,5403,5.557920713
,5524,5.560325706
,5403,5.561148185
,5312,5.561517063
,5528,5.562941531
,5528,5.562941531
,5528,5.562941531
,5360,5.563124971
,5360,5.563124971
,5406,5.563533207
,5445,5.564198055
,5393,5.564550065
,5400,5.570475743
,5400,5.570475743
,5355,5.571305726
,5573,5.572244222
,5573,5.572244222
,5573,5.572244222
,5403,5.575623213
,5330,5.576003265
,5307,5.577379421
,5304,5.580334383
,5311,5.58290389
,5361,5.584937431
,5361,5.584937431
,5333,5.58637083
,5333,5.58637083
,5310,5.59136082
,5393,5.591923126
,5580,5.593039456
,5405,5.593130452
,5374,5.594860625
,5433,5.599744831
,5433,5.599744831
,5433,5.599744831
,5568,5.600299957
,5352,5.602002033
,5309,5.602169426
,5309,5.602169426
,5309,5.602169426
,5250,5.602501875
,5353,5.60286751
,5322,5.603966235
,5322,5.603966235
,5345,5.60405535
,5350,5.604302838
,5373,5.604957679
,5267,5.605213977
,5194,5.606714343
,5194,5.606714343
,5194,5.606714343
,5194,5.606714343
,5417,5.607280322
,5417,5.607280322
,5417,5.607280322
,5417,5.607280322
,5545,5.611550065
,5327,5.611963565
,5650,5.612325765
,5441,5.613175728
,5298,5.615360732
,5327,5.615441639
,5322,5.617872865
,5413,5.6197935
,5413,5.6197935
,5413,5.6197935
,5266,5.622309967
,5266,5.622309967
,5747,5.623571393
,5346,5.625297253
,,5.627944688
,5343,5.628265242
,5324,5.629921301
,5550,5.633095045
,5221,5.633385106
,5588,5.635491487
,5588,5.635491487
,5387,5.637492011
,5248,5.637914523
,5296,5.638945135
,5334,5.639258321
,5740,5.641060863
,5265,5.64161148
,5265,5.64161148
,5673,5.641671155
,5346,5.645345395
,5281,5.651904513
,5394,5.653574906
,5301,5.65690385
,5181,5.657116981
,5315,5.658122559
,5194,5.662174486
,5194,5.662174486
,5409,5.662298251
,5214,5.663790891
,5214,5.663790891
,5243,5.663998294
,5243,5.663998294
,5243,5.663998294
,5243,5.663998294
,5308,5.665479469
,5145,5.665700517
,5145,5.665700517
,5359,5.666853204
,5460,5.667992703
,5460,5.667992703
,5186,5.671213383
,5288,5.671355548
,5430,5.672044875
,5430,5.672044875
,5430,5.672044875
,5185,5.677723255
,5185,5.677723255
,5185,5.677723255
,5280,5.677759908
,5654,5.679070241
,5654,5.679070241
,5293,5.680299098
,5316,5.682860032
,5424,5.684530431
,5187,5.685510786
,5187,5.685510786
,5256,5.686841401
,5411,5.687614984
,5411,5.687614984
,5206,5.689610928
,5206,5.689610928
,5419,5.691048455
,5324,5.694374092
,5323,5.695020692
,5460,5.698535084
,5460,5.698535084
,5418,5.701147782
,5315,5.701159603
,5370,5.706952552
,5310,5.711636879
,5240,5.712669679
,5282,5.715998294
,5383,5.717333677
,5217,5.717852647
,,5.718487496
,,5.718487496
,,5.718487496
,,5.718487496
,5262,5.719459952
,5226,5.721856152
,5301,5.723219744
,5282,5.723802026
,5247,5.728130452
,5212,5.728978984
,5212,5.728978984
,5306,5.728984243
,5306,5.728984243
,5261,5.729019856
,5525,5.729927144
,5322,5.733458026
,5242,5.733762021
,5331,5.733860517
,5275,5.734630663
,5275,5.734630663
,5293,5.7357935
,5256,5.736824701
,5256,5.736824701
,5256,5.736824701
,5256,5.736824701
,5279,5.737314012
,4575,5.738397149
,5311,5.739048077
,5311,5.739048077
,5200,5.739087409
,5300,5.739690646
,5300,5.739690646
,5303,5.73991339
,5330,5.739935171
,5190,5.742550065
,5190,5.742550065
,5123,5.743720642
,5123,5.743720642
,5279,5.745077052
,5247,5.745495709
,5262,5.746146474
,5166,5.749553715
,5166,5.749553715
,5404,5.749847318
,5404,5.749847318
,5329,5.751776516
,5329,5.751776516
,5232,5.751999141
,5297,5.756442561
,5360,5.756730257
,5360,5.756730257
,5253,5.758350825
,5312,5.760491556
,5403,5.761019856
,5130,5.762847479
,5333,5.765324791
,5568,5.766231995
,5554,5.766260119
,5554,5.766260119
,5554,5.766260119
,5246,5.768787453
,5246,5.768787453
,5254,5.768895499
,5321,5.769314439
,5194,5.770180584
,5248,5.770368301
,5433,5.777302997
,5200,5.77945956
,5227,5.780487496
,5260,5.783920713
,5227,5.784325706
,5268,5.790819459
,5212,5.791720736
,5337,5.792906196
,5232,5.79360448
,5232,5.79360448
,5232,5.79360448
,5232,5.79360448
,5236,5.794327946
,5264,5.796813876
,5268,5.798419
,5332,5.802049967
,5252,5.807869735
,5261,5.808544318
,5239,5.809943017
,5206,5.812572927
,5425,5.817620617
,5376,5.820527181
,5376,5.820527181
,5108,5.820777618
,5210,5.821753548
,5203,5.824020021
,5176,5.824368913
,5213,5.825075977
,5282,5.825128334
,5282,5.825128334
,5282,5.825128334
,5286,5.825520199
,5519,5.826217753
,5157,5.826408115
,5643,5.826906196
,5643,5.826906196
,5643,5.826906196
,5137,5.82720305
,5308,5.828250108
,5272,5.837434661
,5272,5.837434661
,5272,5.837434661
,5181,5.838829005
,5188,5.841549206
,5214,5.842441639
,5212,5.842441839
,5160,5.842713539
,5201,5.843057809
,5198,5.845976495
,5106,5.846943017
,5106,5.846943017
,5193,5.847474838
,5299,5.84798642
,5299,5.84798642
,5299,5.84798642
,5299,5.84798642
,5299,5.84798642
,5281,5.848524208
,5259,5.853078127
,5213,5.854217753
,5261,5.857620756
,5183,5.858462384
,5156,5.861031201
,5078,5.863410097
,5078,5.863410097
,5211,5.865718191
,4910,5.869359822
,5335,5.870048077
,5191,5.870546755
,5160,5.875314012
,5218,5.87712908
,5185,5.877604568
,4700,5.877687873
,5355,5.878462384
,5355,5.878462384
,5208,5.879327946
,5230,5.879543705
,5215,5.88061483
,5128,5.881307826
,5128,5.881307826
,5180,5.881318422
,5202,5.883057625
,5221,5.883158602
,5130,5.883520602
,5208,5.887461549
,5208,5.887461549
,5208,5.887461549
,5491,5.889858524
,5153,5.890641989
,5122,5.891365255
,5675,5.894393726
,4925,5.895760907
,4925,5.895760907
,4925,5.895760907
,4925,5.895760907
,4925,5.895760907
,5425,5.896623957
,5186,5.896890239
,5378,5.897744551
,5378,5.897744551
,5378,5.897744551
,5378,5.897744551
,5378,5.897744551
,5107,5.897864544
,5131,5.898093174
,5000,5.9
,5144,5.9015197
,5315,5.904013232
,5315,5.904013232
,5235,5.904057625
,5235,5.904057625
,5274,5.905120934
,5274,5.905120934
,5170,5.905433217
,5216,5.907442561
,5200,5.909992743
,5196,5.910149978
,5162,5.910201223
,5100,5.91141054
,5100,5.91141054
,5100,5.91141054
,5100,5.91141054
,5428,5.911916059
,5196,5.91296936
,5148,5.915258321
,5208,5.915895499
,5208,5.915895499
,5166,5.915967312
,5098,5.917416499
,5098,5.917416499
,5072,5.917847318
,5110,5.917904743
,5110,5.917904743
,5165,5.91931233
,,5.927654963
,,5.927654963
,5099,5.929228105
,5171,5.936487496
,5105,5.941858235
,5105,5.941858235
,5105,5.941858235
,5100,5.94637083
,5100,5.94637083
,5100,5.94637083
,5143,5.946395235
,5220,5.946940465
,5176,5.949232169
,5178,5.952497272
,5178,5.952497272
,5222,5.952856851
,5182,5.954892777
,5101,5.9555294
,5105,5.958117291
,5228,5.958869411
,5228,5.958869411
,5094,5.959677399
,5094,5.959677399
,5121,5.962442561
,5192,5.964583195
,5132,5.968201781
,5160,5.977368913
,5160,5.977368913
,5160,5.977368913
,5088,5.980936572
,5088,5.980936572
,5211,5.981119338
,5211,5.981119338
,5127,5.983662296
,5148,5.984140029
,5148,5.984140029
,5203,5.989228105
,5178,5.989582948
,5178,5.989582948
,5123,5.992802026
,5215,5.993197968
,5102,5.995201541
,5100,5.997203483
,5074,6.000773192
,5135,6.001849163
,5135,6.001849163
,4997,6.006551352
,4997,6.006551352
,4997,6.006551352
,4997,6.006551352
,4997,6.006551352
,5166,6.007586639
,5166,6.007586639
,5650,6.00860357
,5075,6.009020739
,5066,6.016644058
,5044,6.017055625
,5235,6.017716455
,5099,6.018128334
,,6.019790522
,,6.019790522
,5241,6.0200196
,4995,6.022730156
,5049,6.024025808
,5180,6.024491487
,5180,6.024491487
,5180,6.024491487
,5188,6.028097415
,5079,6.028160075
,5165,6.032769424
,5106,6.035120458
,5060,6.037563305
,5066,6.037724024
,4807,6.039265242
,5152,6.039305144
,5175,6.039742798
,5096,6.043169426
,5099,6.046481136
,5358,6.047427256
,5044,6.049084706
,5000,6.050634771
,5097,6.052191531
,4910,6.055167522
,4910,6.055167522
,5131,6.055870043
,5131,6.055870043
,5131,6.055870043
,5187,6.056991495
,5307,6.064381115
,5307,6.064381115
,5625,6.064850022
,5181,6.066041553
,5053,6.066136704
,5127,6.068788293
,4975,6.069254375
,4975,6.069254375
,4975,6.069254375
,4975,6.069254375
,5413,6.069426121
,5413,6.069426121
,5413,6.069426121
,5039,6.075599913
,5089,6.077596433
,5117,6.079379421
,5117,6.079379421
,5042,6.079870714
,5020,6.07989453
,5328,6.085591618
,5044,6.086376045
,5482,6.087044619
,5047,6.091324791
,5071,6.095117688
,5262,6.095342032
,5441,6.09967319
,5441,6.09967319
,5441,6.09967319
,5080,6.100095045
,5006,6.103164357
,5009,6.105209843
,5054,6.108078127
,5079,6.108476008
,4920,6.111019334
,5069,6.111408115
,5078,6.114811384
,5021,6.116628854
,5046,6.116658919
,5046,6.116658919
,5046,6.116658919
,5046,6.116658919
,5046,6.116658919
,4914,6.116870532
,4914,6.116870532
,5150,6.118337518
,5219,6.11998888
,5233,6.122085223
,5014,6.12480395
,5120,6.126002033
,5120,6.126002033
,5120,6.126002033
,5044,6.128186944
,5100,6.129431288
,5100,6.129431288
,5100,6.129431288
,5046,6.133592539
,,6.137666905
,,6.137666905
,,6.137666905
,5622,6.138563583
,5131,6.140696352
,5043,6.144089019
,5071,6.148327946
,5069,6.148905371
,5652,6.151851009
,5652,6.151851009
,5026,6.157566181
,5001,6.159413439
,4864,6.160486295
,4985,6.16126652
,4985,6.16126652
,4985,6.16126652
,5172,6.16319755
,5131,6.163681346
,4955,6.164285301
,4955,6.164285301
,4955,6.164285301
,4940,6.16472164
,4976,6.166318422
,5063,6.169063368
,5043,6.169760907
,5043,6.169760907
,5263,6.17136435
,4800,6.173547109
,5064,6.174508941
,5018,6.17519119
,5018,6.17519119
,5018,6.17519119
,5018,6.17519119
,5139,6.176551454
,5108,6.179164357
,5331,6.179261896
,4954,6.181025119
,4954,6.181025119
,4954,6.181025119
,4954,6.181025119
,5245,6.181630663
,5030,6.183437745
,4984,6.187138278
,5052,6.188868564
,5048,6.189896482
,5053,6.191414609
,5053,6.191414609
,5027,6.197914631
,4931,6.198995056
,4931,6.198995056
,4990,6.199303613
,5222,6.205159603
,4875,6.212629159
,5036,6.21590896
,5036,6.21590896
,5036,6.21590896
,4983,6.217164357
,4990,6.219759908
,5001,6.223002033
,4984,6.22300613
,4984,6.22300613
,4984,6.22300613
,4967,6.22441054
,4926,6.230781155
,5413,6.233287367
,5413,6.233287367
,5413,6.233287367
,4861,6.234478597
,4861,6.234478597
,4954,6.234560518
,4915,6.237744551
,4990,6.2388077
,5000,6.240328033
,4940,6.241173152
,5020,6.245625986
,5020,6.245625986
,5147,6.24690896
,5147,6.24690896
,4944,6.24832603
,5068,6.25084437
,5068,6.25084437
,5065,6.250898576
,4918,6.2512386
,4918,6.2512386
,4918,6.2512386
,4551,6.251319725
,4963,6.252590912
,5358,6.257008851
,4951,6.259293715
,4913,6.265895464
,4945,6.266095057
,5000,6.269359822
,4909,6.285036574
,4909,6.285036574
,4909,6.285036574
,4909,6.285036574
,4909,6.285036574
,4961,6.285438668
,4780,6.285966613
,4780,6.285966613
,,6.287474838
,4992,6.288383369
,4985,6.290334383
,4939,6.291768295
,4895,6.293078127
,4996,6.297965285
,5326,6.303374343
,4948,6.304251993
,4974,6.307542846
,4974,6.307542846
,4919,6.307910797
,5275,6.311361206
,5275,6.311361206
,5275,6.311361206
,5507,6.31418909
,5507,6.31418909
,4908,6.314765404
,4893,6.315831417
,4904,6.319131374
,4985,6.319718191
,4985,6.319718191
,4870,6.319943017
,4913,6.322095057
,4976,6.323187226
,4730,6.327270913
,5213,6.338857265
,4903,6.339201781
,4965,6.340219854
,4838,6.340650195
,4897,6.342709852
,5054,6.343790168
,4906,6.343924679
,4886,6.346872865
,4782,6.358903526
,4942,6.361391466
,4942,6.361391466
,4861,6.361717532
,4865,6.363424927
,4870,6.368057809
,5009,6.375025119
,4700,6.375149978
,4850,6.376173152
,4862,6.382000852
,4937,6.383979102
,5060,6.390422223
,4970,6.391822907
,5017,6.394533347
,4710,6.395674049
,4710,6.395674049
,4971,6.396895729
,4828,6.398553715
,4897,6.406093174
,4841,6.408201781
,4868,6.411734618
,4857,6.41502318
,4848,6.417304611
,4881,6.417661392
,,6.419949785
,,6.419949785
,4731,6.420264346
,4731,6.420264346
,4731,6.420264346
,4731,6.420264346
,4836,6.423543109
,4725,6.428299098
,4725,6.428299098
,4919,6.429057625
,4890,6.430430301
,4890,6.430430301
,4890,6.430430301
,4890,6.430430301
,4723,6.433312712
,4935,6.436726166
,4935,6.436726166
,4935,6.436726166
,4935,6.436726166
,4880,6.440130452
,4880,6.440130452
,4880,6.440130452
,4877,6.440632326
,4861,6.458543109
,4828,6.45946399
,4817,6.46272811
,4871,6.467010011
,4834,6.467699185
,4668,6.471965285
,4668,6.471965285
,4802,6.473455704
,5089,6.480304611
,4995,6.483265242
,4812,6.486565974
,4850,6.487505172
,5013,6.488325436
,4699,6.4887935
,4699,6.4887935
,4699,6.4887935
,4699,6.4887935
,4699,6.4887935
,4699,6.4887935
,4781,6.489833164
,4781,6.489833164
,4726.29,6.491588557
,4250,6.496543705
,4836,6.498090939
,4830,6.509764809
,4758,6.511500803
,4755,6.51291868
,4877,6.519004911
,4877,6.519004911
,4937,6.521318524
,4661,6.533341509
,4661,6.533341509
,4815,6.534572927
,5015,6.541304171
,4779,6.54560448
,4770,6.546497272
,4730,6.549343878
,5315,6.549400087
,4776,6.552647485
,4839,6.552940961
,4747,6.55610013
,4870,6.557071773
,4870,6.557071773
,4713,6.560343565
,4713,6.560343565
,4200,6.568159989
,4819,6.570902826
,4950,6.574982005
,4950,6.574982005
,4950,6.574982005
,4754,6.576455841
,4950,6.577042258
,4796,6.579013674
,4924,6.591260641
,4924,6.591260641
,4870,6.592274949
,4812,6.594316077
,4812,6.594316077
,4739,6.597628854
,4813,6.600387475
,4813,6.600387475
,4781,6.609316896
,4956,6.610328618
,4956,6.610328618
,4956,6.610328618
,4956,6.610328618
,4956,6.610328618
,4708,6.613543109
,4776,6.637768701
,4751,6.640754546
,4709,6.640869411
,4692,6.641202648
,4723,6.653724158
,4803,6.65845956
,4590,6.666290007
,4590,6.666290007
,4677,6.674714422
,4679,6.678619506
,4662,6.686070417
,4712,6.687130452
,4726,6.689659778
,4700,6.690441839
,4623,6.700464418
,4623,6.700464418
,4605,6.705299098
,4605,6.705299098
,4605,6.705299098
,4710,6.70951071
,4710,6.70951071
,,6.714925999
,,6.721967826
,4642,6.732497272
,5900,6.739243748
,5055,6.740729452
,5055,6.740729452
,4651,6.741759516
,4655,6.744430301
,4653,6.752474838
,4648,6.754440538
,4648,6.754440538
,4648,6.754440538
,,6.764227225
,,6.764227225
,4899,6.774376861
,4812,6.774557898
,4691,6.777214953
,4630,6.781119338
,4598,6.781531952
,4720,6.781872684
,4598,6.79422703
,4598,6.79422703
,4816,6.796047568
,4816,6.796047568
,,6.805069076
,4611,6.813553715
,4842,6.813713452
,4695,6.815738681
,4746,6.831535853
,4647,6.837056545
,4673,6.837559767
,4699,6.842650195
,4699,6.842650195
,4601,6.843887583
,4498,6.85105535
,4498,6.85105535
,4597,6.851841372
,4096,6.859060775
,4096,6.859060775
,4803,6.865727553
,4665,6.877534028
,4584,6.878070417
,4347,6.879128334
,4347,6.879128334
,4347,6.879128334
,4687,6.887128344
,,6.89057418
,,6.89057418
,4644,6.897203483
,4651,6.901057625
,4651,6.901057625
,5080,6.901082017
,4465,6.902847318
,4465,6.902847318
,4465,6.902847318
,4559,6.90292317
,4559,6.90292317
,4625,6.908047466
,4625,6.908047466
,4510,6.91517864
,4510,6.91517864
,4510,6.91517864
,4493,6.920141358
,4493,6.920141358
,4493,6.920141358
,4508,6.923661898
,4508,6.923661898
,4736,6.92977602
,4587,6.932535678
,4500,6.935077052
,4671,6.945320695
,4504,6.95313326
,4504,6.95313326
,3972,6.95936034
,4521,6.965251993
,4554,6.969041553
,4512,6.976017489
,4612,6.979607181
,4540,6.981493543
,4529,6.991019448
,4645,6.995828439
,4503,6.996598823
,4775,7.00409377
,4613,7.00532956
,4523,7.01111337
,4716,7.014299679
,4503,7.019258321
,4503,7.019258321
,4503,7.019258321
,4503,7.019258321
,4503,7.019258321
,4742,7.024196191
,4742,7.024196191
,4499,7.032896384
,4499,7.032896384
,4499,7.032896384
,4540,7.040658919
,4540,7.040658919
,4540,7.040658919
,4540,7.040658919
,4540,7.040658919
,4540,7.040658919
,4740,7.043987704
,4524,7.0470196
,4483,7.050829005
,4511,7.065659778
,4650,7.070925678
,4208,7.097116213
,4208,7.097116213
,4445,7.098943017
,4433,7.106674049
,4595,7.1135098
,4648,7.122484493
,4648,7.122484493
,4880,7.134877059
,4880,7.134877059
,4422,7.152440538
,4503,7.15483352
,4551,7.162034383
,4407,7.162318422
,4434,7.172278137
,4439,7.196914787
,4500,7.201594573
,4500,7.201594573
,4500,7.201594573
,4435,7.202929885
,4508,7.219535678
,4715,7.227450053
,4350,7.228410097
,4350,7.228410097
,4632,7.239396396
,4632,7.239396396
,4632,7.239396396
,4632,7.239396396
,4103,7.275011194
,4346,7.27577602
,5529,7.302558721
,4402,7.30586947
,4402.71,7.32215841
,4402.71,7.32215841
,4469.51,7.323321983
,4676,7.334974661
,4674.13,7.338634872
,4175,7.339813663
,4299,7.344868169
,4259,7.345393726
,4259,7.345393726
,4372,7.345424927
,4392,7.34599138
,4339,7.351589521
,4285,7.371038905
,4285,7.371038905
,4285,7.371038905
,4285,7.371038905
,4434,7.374715039
,4629,7.380032932
,4629,7.380032932
,4306,7.385207787
,4298,7.387778832
,4356.47,7.392058094
,4300,7.408454502
,4430,7.411115278
,4455,7.421829613
,4315,7.424751492
,4286,7.42622703
,4599,7.42774214
,4599,7.42774214
,4348.35,7.43872944
,4263,7.463303613
,4263,7.463303613
,4263,7.463303613
,3682,7.475853286
,3682,7.475853286
,4248,7.502770735
,4017,7.51035176
,4650,7.515449935
,4456,7.521874308
,5075,7.530904525
,4597,7.537760819
,4400,7.54409377
,4204,7.55386947
,4204,7.55386947
,4223,7.559322433
,4351,7.56650899
,4351,7.56650899
,4231,7.57080395
,4201,7.60550118
,4321,7.625543705
,4321,7.625543705
,4326,7.6477362
,4253,7.655781155
,4192,7.734965285
,4105,7.7852386
,4184,7.788914787
,4257,7.789416499
,4257,7.789416499
,4390,7.804420891
,4106,7.807658919
,4475,7.809186765
,3798,7.816411625
,4098,7.819174486
,4098,7.819174486
,4098,7.819174486
,4098,7.819174486
,3914,7.822001509
,3914,7.822001509
,3914,7.822001509
,3914,7.822001509
,4103,7.824228105
,3767,7.825583195
,3767,7.825583195
,4450,7.835350825
,4252,7.835392868
,4252,7.835392868
,4252,7.835392868
,4252,7.835392868
,4269,7.841354015
,4269,7.841354015
,4269,7.841354015
,4339,7.847708613
,4128,7.862518891
,4340,7.8754083
,4667,7.879463539
,4667,7.879463539
,4400,7.884550065
,4268,7.886199648
,4075,7.888569665
,4070,7.894014522
,4272,7.906501885
,4675,7.928787453
,4092,7.933669679
,4648,7.965535678
,4648,7.965535678
,4648,7.965535678
,4143,7.979243748
,,8.012714526
,4320,8.024743465
,4043,8.03400613
,4027,8.0344684
,4462,8.050014378
,4462,8.050014378
,4134,8.050797463
,4014.73,8.066774869
,4002,8.080169578
,4188,8.082790122
,4079,8.093073148
,4079,8.093073148
,4079,8.093073148
,4255,8.118868169
,4255,8.118868169
,4255,8.118868169
,4255,8.118868169
,5737,8.124419
,4094,8.145063368
,4094,8.145063368
,3903,8.160778832
,3903,8.160778832
,4140,8.162938643
,4045,8.163841401
,4324,8.164660247
,4324,8.164660247
,3944,8.174809757
,3944,8.174809757
,4258,8.1944684
,4258,8.1944684
,4258,8.1944684
,3959,8.19677063
,4484,8.204940252
,4484,8.204940252
,4262,8.205487496
,4262,8.205487496
,4222.06,8.232484665
,4222.06,8.232484665
,4258,8.236930738
,4258,8.236930738
,4258,8.236930738
,4005,8.247741596
,3934,8.287755393
,3750,8.29777063
,3750,8.29777063
,3964,8.309910885
,3799,8.335701331
,3799,8.335701331
,3799,8.335701331
,3926,8.349808192
,3930,8.360572202
,3930,8.360572202
,3931,8.376235128
,3901,8.394848891
,3900,8.406997804
,3734,8.440566477
,3734,8.440566477
,3734,8.440566477
,3734,8.440566477
,3755,8.447357765
,3755,8.447357765
,3755,8.447357765
,3755,8.447357765
,3755,8.447357765
,4105,8.452619549
,4097,8.466626538
,4097,8.466626538
,3789,8.482413743
,4127,8.511062085
,4044,8.54685228
,3827,8.562659778
,3827,8.562659778
,3810,8.587019448
,3810,8.587019448
,3843,8.59591868
,3784,8.609439985
,3830,8.646477181
,3748,8.660159989
,3864,8.667051449
,4035,8.728604787
,4156,8.734921484
,3813,8.739826943
,3546.46,8.752833272
,3753,8.754870714
,3768,8.771147274
,3916,8.772759908
,3722,8.850631393
,4027,8.857614791
,3724,8.862286683
,4148.21,8.894586779
,3804,8.897759908
,3638,8.923997296
,3712,8.937543705
,4006,8.939371359
,3896,8.946330363
,3896,8.946330363
,3896,8.946330363
,3660,8.958791967
,3660,8.958791967
,3785,8.959978366
,3715,8.985010495
,3687,8.990073148
,4252,9.000920713
,4252,9.000920713
,4252,9.000920713
,3701,9.008968632
,3910,9.01249198
,3910,9.01249198
,3591,9.020931133
,3591,9.020931133
,3900,9.044786857
,3900,9.044786857
,3900,9.044786857
,3900,9.044786857
,3900,9.044786857
,3867,9.10543297
,3745,9.124589963
,3740,9.150457804
,3740,9.150457804
,3740,9.150457804
,3740,9.150457804
,3740,9.150457804
,3810,9.1665098
,3810,9.1665098
,3636,9.174734618
,3631,9.192543705
,3631,9.192543705
,3845,9.1932278
,3548,9.21405059
,3820,9.267778832
,3889.72,9.278056343
,3713,9.289202648
,3672,9.296586639
,3724,9.302830495
,3879,9.315342032
,3841,9.328343565
,3841,9.328343565
,3841,9.328343565
,3570,9.368164461
,3621,9.414623382
,3655,9.432475743
,3578,9.4468077
,3691,9.483204481
,3785,9.544597823
,3722,9.57912026
,3722,9.57912026
,3700,9.609013232
,3778,9.613063849
,3778,9.613063849
,3568,9.614741795
,3568,9.614741795
,3568,9.614741795
,3725,9.681709852
,3685,9.713495335
,3658,9.719133668
,3717,9.774097523
,3341,9.779512226
,3655,9.903160163
,3655,9.903160163
,3655,9.903160163
,3695,9.926641831
,3556,9.985586639
,3540,9.986464143
,3461,10.01796356
,3663,10.01854921
,3519,10.11069368
,,10.14379381
,3679,10.1562501
,3468,10.1713857
,3472,10.17821806
,3472,10.17821806
,3850,10.19909377
,3537,10.25114647
,3526,10.25630722
,3410,10.31706477
,3600,10.3229973
,3466,10.43524315
,3466,10.43524315
,3466,10.43524315
,3466,10.43524315
,,10.44667405
,3563,10.4572991
,5312,10.50239102
,3492,10.51653641
,3368,10.52717797
,3499,10.62203657
,3654.47,10.64440979
,3241,10.64758664
,,10.72275091
,3457,10.83860541
,3457,10.83860541
,3340,10.85994302
,3359,10.86109377
,3359,10.86109377
,3359,10.86109377
,3550,10.87303725
,3500,10.90937062
,3500,10.90937062
,3500,10.90937062
,3390,11.0304276
,3499,11.03877652
,3350,11.05745544
,3350,11.05745544
,3350,11.05745544
,3350,11.05745544
,3350,11.05745544
,3510,11.07511526
,3510,11.07511526
,3600,11.07994302
,3420,11.0980196
,3420,11.0980196
,3420,11.0980196
,3360.47,11.19293343
,3360.47,11.19293343
,3360.47,11.19293343
,3360.47,11.19293343
,3299,11.19457491
,3459,11.38894723
,3459.09,11.40821437
,3530,11.4584875
,3370,11.53990765
,,11.56329725
,,11.56329725
,,11.56329725
,3622,11.58600865
,3264,11.70909203
,3264,11.70909203
,3398,11.74616436
,3208,11.81190989
,,11.83977073
,,11.83977073
,,11.83977073
,,11.83977073
,3342,11.85761365
,3342,11.85761365
,3342,11.85761365
,3382,11.97308202
,3382,11.97308202
,3214,12.0605091
,3324,12.26848651
,3240,12.30193523
,3180,12.61445494
,3157,12.70378745
,3157,12.70378745
,3157,12.70378745
,3270,13.08686757
,3270,13.08686757
,3068,13.18544517
,3068,13.18544517
,3068,13.18544517
,3192,13.5054165
,3236,13.5142632
,3159,13.59044184
,3159,13.59044184
,3216,13.70066773
,3216,13.70066773
,3056,14.2924875
,3056,14.2924875
,3056,14.2924875
,3036,14.39406866
,3026,14.53865116
,3050,15.55705145
,,16.55334357
,2620,17.2399814
,2559,18.38607315
,2559,18.38607315
,2559,18.38607315
,2559,18.38607315
,2559,18.38607315
,2559,18.38607315
,2559,18.38607315
